Patching: net/minecraft/ChatFormatting.java
 Hunk 0: EXACT: @@ -113,6 +113,18 @@
Patching: net/minecraft/CrashReport.java
 Hunk 0: EXACT: @@ -7,10 +7,10 @@
 Hunk 1: EXACT: @@ -19,6 +19,7 @@
 Hunk 2: EXACT: @@ -29,8 +30,10 @@
 Hunk 3: EXACT: @@ -42,31 +45,40 @@
 Hunk 4: EXACT: @@ -74,57 +86,60 @@
 Hunk 5: EXACT: @@ -139,22 +154,25 @@
 Hunk 6: EXACT: @@ -167,60 +185,64 @@
Patching: net/minecraft/CrashReportCategory.java
 Hunk 0: EXACT: @@ -104,6 +104,7 @@
Patching: net/minecraft/Util.java
 Hunk 0: EXACT: @@ -27,7 +27,6 @@
 Hunk 1: EXACT: @@ -78,8 +77,24 @@
 Hunk 2: EXACT: @@ -94,6 +109,7 @@
 Hunk 3: EXACT: @@ -114,21 +130,37 @@
 Hunk 4: EXACT: @@ -144,6 +176,7 @@
 Hunk 5: EXACT: @@ -370,7 +403,7 @@
 Hunk 6: EXACT: @@ -849,21 +882,7 @@
Patching: net/minecraft/advancements/Advancement.java
 Hunk 0: EXACT: @@ -7,7 +7,9 @@
 Hunk 1: EXACT: @@ -18,6 +20,7 @@
 Hunk 2: EXACT: @@ -26,6 +29,7 @@
 Hunk 3: EXACT: @@ -36,6 +40,7 @@
 Hunk 4: EXACT: @@ -51,13 +56,14 @@
 Hunk 5: EXACT: @@ -80,9 +86,10 @@
 Hunk 6: EXACT: @@ -105,19 +112,18 @@
 Hunk 7: EXACT: @@ -131,19 +137,23 @@
 Hunk 8: EXACT: @@ -152,6 +162,9 @@
 Hunk 9: EXACT: @@ -218,7 +231,7 @@
 Hunk 10: EXACT: @@ -226,7 +239,7 @@
 Hunk 11: EXACT: @@ -241,6 +254,7 @@
 Hunk 12: EXACT: @@ -250,39 +264,50 @@
 Hunk 13: EXACT: @@ -291,102 +316,143 @@
Patching: net/minecraft/advancements/AdvancementList.java
 Hunk 0: EXACT: @@ -4,14 +4,18 @@
 Hunk 1: EXACT: @@ -19,12 +23,18 @@
 Hunk 2: EXACT: @@ -41,10 +51,14 @@
 Hunk 3: EXACT: @@ -53,20 +67,27 @@
 Hunk 4: EXACT: @@ -82,15 +103,21 @@
 Hunk 5: EXACT: @@ -113,24 +140,33 @@
Patching: net/minecraft/advancements/DisplayInfo.java
 Hunk 0: EXACT: @@ -28,6 +28,7 @@
Patching: net/minecraft/advancements/critereon/SimpleCriterionTrigger.java
 Hunk 0: EXACT: @@ -14,22 +14,24 @@
 Hunk 1: EXACT: @@ -37,7 +39,7 @@
 Hunk 2: EXACT: @@ -50,7 +52,7 @@
Patching: net/minecraft/commands/CommandFunction.java
 Hunk 0: EXACT: @@ -16,6 +16,15 @@
Patching: net/minecraft/commands/CommandSource.java
 Hunk 0: EXACT: @@ -3,10 +3,10 @@
 Hunk 1: EXACT: @@ -22,6 +22,13 @@
 Hunk 2: EXACT: @@ -35,4 +42,6 @@
Patching: net/minecraft/commands/CommandSourceStack.java
 Hunk 0: EXACT: @@ -8,6 +8,7 @@
 Hunk 1: EXACT: @@ -20,6 +21,7 @@
 Hunk 2: EXACT: @@ -32,8 +34,10 @@
 Hunk 3: EXACT: @@ -51,9 +55,10 @@
 Hunk 4: EXACT: @@ -94,8 +99,9 @@
 Hunk 5: EXACT: @@ -118,9 +124,10 @@
 Hunk 6: EXACT: @@ -129,14 +136,15 @@
 Hunk 7: EXACT: @@ -155,11 +163,47 @@
 Hunk 8: EXACT: @@ -175,32 +219,38 @@
 Hunk 9: EXACT: @@ -235,17 +285,22 @@
 Hunk 10: EXACT: @@ -291,8 +346,8 @@
 Hunk 11: EXACT: @@ -306,4 +361,26 @@
Patching: net/minecraft/commands/Commands.java
 Hunk 0: EXACT: @@ -1,7 +1,6 @@
 Hunk 1: EXACT: @@ -12,6 +11,7 @@
 Hunk 2: EXACT: @@ -31,6 +31,7 @@
 Hunk 3: EXACT: @@ -106,16 +107,26 @@
 Hunk 4: EXACT: @@ -199,113 +210,248 @@
 Hunk 5: EXACT: @@ -321,67 +467,64 @@
Patching: net/minecraft/commands/arguments/EntityArgument.java
 Hunk 0: EXACT: @@ -25,6 +25,7 @@
 Hunk 1: EXACT: @@ -45,7 +46,7 @@
 Hunk 2: EXACT: @@ -53,20 +54,21 @@
 Hunk 3: EXACT: @@ -74,7 +76,7 @@
 Hunk 4: EXACT: @@ -82,50 +84,63 @@
 Hunk 5: EXACT: @@ -133,16 +148,19 @@
 Hunk 6: EXACT: @@ -155,33 +173,33 @@
Patching: net/minecraft/commands/arguments/blocks/BlockStateParser.java
 Hunk 0: EXACT: @@ -1,6 +1,7 @@
 Hunk 1: EXACT: @@ -10,8 +11,10 @@
 Hunk 2: EXACT: @@ -33,25 +36,26 @@
 Hunk 3: EXACT: @@ -64,7 +68,7 @@
 Hunk 4: EXACT: @@ -75,9 +79,10 @@
 Hunk 5: EXACT: @@ -85,58 +90,62 @@
 Hunk 6: EXACT: @@ -163,7 +172,7 @@
 Hunk 7: EXACT: @@ -186,11 +195,14 @@
 Hunk 8: EXACT: @@ -198,12 +210,20 @@
 Hunk 9: EXACT: @@ -225,8 +245,12 @@
 Hunk 10: EXACT: @@ -257,11 +281,17 @@
 Hunk 11: EXACT: @@ -269,19 +299,28 @@
 Hunk 12: EXACT: @@ -289,7 +328,7 @@
 Hunk 13: EXACT: @@ -299,23 +338,26 @@
 Hunk 14: EXACT: @@ -353,26 +395,30 @@
 Hunk 15: EXACT: @@ -382,35 +428,37 @@
 Hunk 16: EXACT: @@ -424,7 +472,7 @@
 Hunk 17: EXACT: @@ -433,7 +481,7 @@
 Hunk 18: EXACT: @@ -441,32 +489,35 @@
 Hunk 19: EXACT: @@ -480,7 +531,7 @@
 Hunk 20: EXACT: @@ -493,7 +544,7 @@
 Hunk 21: EXACT: @@ -503,47 +554,52 @@
Patching: net/minecraft/commands/arguments/selector/EntitySelector.java
 Hunk 0: EXACT: @@ -3,6 +3,7 @@
 Hunk 1: EXACT: @@ -23,9 +24,9 @@
 Hunk 2: EXACT: @@ -64,7 +65,7 @@
 Hunk 3: EXACT: @@ -89,7 +90,7 @@
 Hunk 4: EXACT: @@ -97,12 +98,13 @@
 Hunk 5: EXACT: @@ -111,33 +113,47 @@
 Hunk 6: EXACT: @@ -154,58 +170,69 @@
Patching: net/minecraft/commands/arguments/selector/EntitySelectorParser.java
 Hunk 0: EXACT: @@ -30,6 +30,7 @@
 Hunk 1: EXACT: @@ -43,40 +44,40 @@
 Hunk 2: EXACT: @@ -89,19 +90,17 @@
 Hunk 3: EXACT: @@ -116,54 +115,74 @@
 Hunk 4: EXACT: @@ -177,61 +196,62 @@
 Hunk 5: EXACT: @@ -251,19 +271,19 @@
 Hunk 6: EXACT: @@ -273,22 +293,23 @@
 Hunk 7: EXACT: @@ -302,17 +323,17 @@
 Hunk 8: EXACT: @@ -453,15 +474,21 @@
 Hunk 9: EXACT: @@ -481,22 +508,24 @@
 Hunk 10: EXACT: @@ -536,7 +565,7 @@
Patching: net/minecraft/commands/arguments/selector/options/EntitySelectorOptions.java
 Hunk 0: EXACT: @@ -67,6 +67,19 @@
 Hunk 1: EXACT: @@ -314,6 +327,12 @@
Patching: net/minecraft/core/BlockPos.java
 Hunk 0: EXACT: @@ -30,15 +30,16 @@
 Hunk 1: EXACT: @@ -60,28 +61,29 @@
 Hunk 2: EXACT: @@ -89,10 +91,7 @@
 Hunk 3: EXACT: @@ -130,67 +129,84 @@
 Hunk 4: EXACT: @@ -270,9 +286,11 @@
 Hunk 5: EXACT: @@ -287,7 +305,7 @@
 Hunk 6: EXACT: @@ -313,7 +331,7 @@
 Hunk 7: EXACT: @@ -373,12 +391,12 @@
 Hunk 8: EXACT: @@ -466,9 +484,9 @@
 Hunk 9: EXACT: @@ -529,23 +547,25 @@
Patching: net/minecraft/core/Direction.java
 Hunk 0: EXACT: @@ -61,6 +61,11 @@
 Hunk 1: EXACT: @@ -70,6 +75,11 @@
 Hunk 2: EXACT: @@ -362,15 +372,15 @@
Patching: net/minecraft/core/MappedRegistry.java
 Hunk 0: EXACT: @@ -37,13 +37,11 @@
 Hunk 1: EXACT: @@ -63,6 +61,7 @@
Patching: net/minecraft/core/Rotations.java
 Hunk 0: EXACT: @@ -19,6 +19,18 @@
Patching: net/minecraft/core/SectionPos.java
 Hunk 0: EXACT: @@ -38,7 +38,7 @@
 Hunk 1: EXACT: @@ -54,7 +54,7 @@
 Hunk 2: EXACT: @@ -65,8 +65,16 @@
 Hunk 3: EXACT: @@ -86,10 +94,7 @@
 Hunk 4: EXACT: @@ -152,16 +157,16 @@
 Hunk 5: EXACT: @@ -177,7 +182,8 @@
 Hunk 6: EXACT: @@ -201,15 +207,18 @@
 Hunk 7: EXACT: @@ -222,16 +231,11 @@
Patching: net/minecraft/core/Vec3i.java
 Hunk 0: EXACT: @@ -19,9 +19,9 @@
 Hunk 1: EXACT: @@ -33,6 +33,12 @@
 Hunk 2: EXACT: @@ -44,7 +50,7 @@
 Hunk 3: EXACT: @@ -62,7 +68,7 @@
 Hunk 4: EXACT: @@ -75,15 +81,15 @@
Patching: net/minecraft/core/cauldron/CauldronInteraction.java
 Hunk 0: EXACT: @@ -29,86 +29,114 @@
 Hunk 1: EXACT: @@ -117,52 +145,69 @@
 Hunk 2: EXACT: @@ -170,61 +215,61 @@
 Hunk 3: EXACT: @@ -232,13 +277,19 @@
 Hunk 4: EXACT: @@ -247,13 +298,19 @@
Patching: net/minecraft/core/dispenser/AbstractProjectileDispenseBehavior.java
 Hunk 0: EXACT: @@ -1,23 +1,63 @@
Patching: net/minecraft/core/dispenser/BoatDispenseItemBehavior.java
 Hunk 0: EXACT: @@ -3,15 +3,21 @@
 Hunk 1: EXACT: @@ -20,34 +26,65 @@
Patching: net/minecraft/core/dispenser/DefaultDispenseItemBehavior.java
 Hunk 0: EXACT: @@ -7,38 +7,100 @@
Patching: net/minecraft/core/dispenser/DispenseItemBehavior.java
 Hunk 0: EXACT: @@ -1,6 +1,7 @@
 Hunk 1: EXACT: @@ -39,6 +40,7 @@
 Hunk 2: EXACT: @@ -49,7 +51,6 @@
 Hunk 3: EXACT: @@ -60,7 +61,9 @@
 Hunk 4: EXACT: @@ -72,14 +75,25 @@
 Hunk 5: EXACT: @@ -88,49 +102,52 @@
 Hunk 6: EXACT: @@ -150,8 +167,8 @@
 Hunk 7: EXACT: @@ -173,8 +190,8 @@
 Hunk 8: EXACT: @@ -190,57 +207,147 @@
 Hunk 9: EXACT: @@ -248,71 +355,168 @@
 Hunk 10: EXACT: @@ -324,21 +528,50 @@
 Hunk 11: EXACT: @@ -361,52 +594,125 @@
 Hunk 12: EXACT: @@ -421,27 +727,57 @@
 Hunk 13: EXACT: @@ -452,13 +788,64 @@
 Hunk 14: EXACT: @@ -466,40 +853,97 @@
 Hunk 15: EXACT: @@ -514,13 +958,38 @@
 Hunk 16: EXACT: @@ -533,9 +1002,13 @@
 Hunk 17: EXACT: @@ -544,10 +1017,10 @@
 Hunk 18: EXACT: @@ -558,16 +1031,41 @@
 Hunk 19: EXACT: @@ -578,14 +1076,15 @@
 Hunk 20: EXACT: @@ -601,13 +1100,14 @@
 Hunk 21: EXACT: @@ -624,21 +1124,22 @@
 Hunk 22: EXACT: @@ -647,6 +1148,6 @@
Patching: net/minecraft/core/dispenser/ShearsDispenseItemBehavior.java
 Hunk 0: EXACT: @@ -1,7 +1,10 @@
 Hunk 1: EXACT: @@ -13,22 +16,54 @@
 Hunk 2: EXACT: @@ -37,16 +72,18 @@
 Hunk 3: EXACT: @@ -54,12 +91,24 @@
Patching: net/minecraft/core/dispenser/ShulkerBoxDispenseBehavior.java
 Hunk 0: EXACT: @@ -11,22 +11,55 @@
Patching: net/minecraft/data/worldgen/SurfaceRuleData.java
 Hunk 0: EXACT: @@ -53,6 +53,66 @@
 Hunk 1: EXACT: @@ -83,11 +143,11 @@
 Hunk 2: EXACT: @@ -112,7 +172,7 @@
Patching: net/minecraft/nbt/ByteArrayTag.java
 Hunk 0: EXACT: @@ -1,3 +1,4 @@
 Hunk 1: EXACT: @@ -8,24 +9,29 @@
 Hunk 2: EXACT: @@ -50,18 +56,19 @@
 Hunk 3: EXACT: @@ -77,7 +84,7 @@
 Hunk 4: EXACT: @@ -87,21 +94,16 @@
 Hunk 5: EXACT: @@ -115,32 +117,29 @@
 Hunk 6: EXACT: @@ -150,7 +149,7 @@
 Hunk 7: EXACT: @@ -159,9 +158,10 @@
 Hunk 8: EXACT: @@ -169,7 +169,6 @@
Patching: net/minecraft/nbt/CompoundTag.java
 Hunk 0: EXACT: @@ -34,7 +34,7 @@
 Hunk 1: EXACT: @@ -121,14 +121,14 @@
 Hunk 2: EXACT: @@ -181,14 +181,34 @@
 Hunk 3: EXACT: @@ -430,8 +450,16 @@
Patching: net/minecraft/nbt/IntArrayTag.java
 Hunk 0: EXACT: @@ -1,3 +1,4 @@
 Hunk 1: EXACT: @@ -8,32 +9,35 @@
 Hunk 2: EXACT: @@ -58,26 +62,31 @@
 Hunk 3: EXACT: @@ -89,7 +98,7 @@
 Hunk 4: EXACT: @@ -99,21 +108,16 @@
 Hunk 5: EXACT: @@ -127,32 +131,29 @@
 Hunk 6: EXACT: @@ -162,7 +163,7 @@
 Hunk 7: EXACT: @@ -172,6 +173,7 @@
 Hunk 8: EXACT: @@ -181,7 +183,6 @@
Patching: net/minecraft/nbt/NbtIo.java
 Hunk 0: EXACT: @@ -1,3 +1,4 @@
 Hunk 1: EXACT: @@ -20,24 +21,28 @@
 Hunk 2: EXACT: @@ -45,137 +50,138 @@
 Hunk 3: EXACT: @@ -183,76 +189,85 @@
 Hunk 4: EXACT: @@ -267,19 +282,21 @@
Patching: net/minecraft/nbt/NbtUtils.java
 Hunk 0: EXACT: @@ -39,14 +39,14 @@
 Hunk 1: EXACT: @@ -74,6 +74,11 @@
 Hunk 2: EXACT: @@ -87,7 +92,8 @@
 Hunk 3: EXACT: @@ -494,7 +500,7 @@
Patching: net/minecraft/network/CipherDecoder.java
 Hunk 0: EXACT: @@ -7,13 +7,29 @@
Patching: net/minecraft/network/CipherEncoder.java
 Hunk 0: EXACT: @@ -4,15 +4,32 @@
Patching: net/minecraft/network/CompressionDecoder.java
 Hunk 0: EXACT: @@ -12,13 +12,20 @@
 Hunk 1: EXACT: @@ -38,6 +45,8 @@
 Hunk 2: EXACT: @@ -45,10 +54,36 @@
Patching: net/minecraft/network/CompressionEncoder.java
 Hunk 0: EXACT: @@ -6,22 +6,37 @@
 Hunk 1: EXACT: @@ -34,10 +49,48 @@
Patching: net/minecraft/network/Connection.java
 Hunk 0: EXACT: @@ -35,6 +35,7 @@
 Hunk 1: EXACT: @@ -49,33 +50,41 @@
 Hunk 2: EXACT: @@ -86,73 +95,213 @@
 Hunk 3: EXACT: @@ -162,84 +311,264 @@
 Hunk 4: EXACT: @@ -247,7 +576,7 @@
 Hunk 5: EXACT: @@ -257,8 +586,8 @@
 Hunk 6: EXACT: @@ -267,9 +596,25 @@
 Hunk 7: EXACT: @@ -288,45 +633,65 @@
 Hunk 8: EXACT: @@ -355,17 +720,19 @@
 Hunk 9: EXACT: @@ -374,6 +741,7 @@
 Hunk 10: EXACT: @@ -381,7 +749,7 @@
 Hunk 11: EXACT: @@ -389,6 +757,27 @@
 Hunk 12: EXACT: @@ -402,7 +791,8 @@
 Hunk 13: EXACT: @@ -412,4 +802,16 @@
Patching: net/minecraft/network/ConnectionProtocol.java
 Hunk 0: EXACT: @@ -16,6 +16,7 @@
 Hunk 1: EXACT: @@ -119,6 +120,7 @@
 Hunk 2: EXACT: @@ -167,26 +169,33 @@
 Hunk 3: EXACT: @@ -290,6 +299,7 @@
Patching: net/minecraft/network/FriendlyByteBuf.java
 Hunk 0: EXACT: @@ -18,6 +18,8 @@
 Hunk 1: EXACT: @@ -33,6 +35,7 @@
 Hunk 2: EXACT: @@ -54,6 +57,7 @@
 Hunk 3: EXACT: @@ -64,13 +68,16 @@
 Hunk 4: EXACT: @@ -81,9 +88,9 @@
 Hunk 5: EXACT: @@ -91,9 +98,9 @@
 Hunk 6: EXACT: @@ -102,25 +109,32 @@
 Hunk 7: EXACT: @@ -131,70 +145,75 @@
 Hunk 8: EXACT: @@ -203,16 +222,16 @@
 Hunk 9: EXACT: @@ -221,7 +240,7 @@
 Hunk 10: EXACT: @@ -229,18 +248,18 @@
 Hunk 11: EXACT: @@ -250,15 +269,15 @@
 Hunk 12: EXACT: @@ -272,21 +291,27 @@
 Hunk 13: EXACT: @@ -297,32 +322,37 @@
 Hunk 14: EXACT: @@ -330,17 +360,18 @@
 Hunk 15: EXACT: @@ -349,9 +380,10 @@
 Hunk 16: EXACT: @@ -382,9 +414,10 @@
 Hunk 17: EXACT: @@ -393,20 +426,33 @@
 Hunk 18: EXACT: @@ -417,32 +463,34 @@
 Hunk 19: EXACT: @@ -456,7 +504,7 @@
 Hunk 20: EXACT: @@ -466,12 +514,12 @@
 Hunk 21: EXACT: @@ -480,9 +528,9 @@
 Hunk 22: EXACT: @@ -502,34 +550,41 @@
 Hunk 23: EXACT: @@ -539,11 +594,17 @@
 Hunk 24: EXACT: @@ -552,19 +613,23 @@
 Hunk 25: EXACT: @@ -575,15 +640,18 @@
 Hunk 26: EXACT: @@ -603,8 +671,9 @@
 Hunk 27: EXACT: @@ -631,8 +700,8 @@
 Hunk 28: EXACT: @@ -642,23 +711,26 @@
 Hunk 29: EXACT: @@ -671,15 +743,17 @@
 Hunk 30: EXACT: @@ -689,13 +763,15 @@
 Hunk 31: EXACT: @@ -731,8 +807,8 @@
 Hunk 32: EXACT: @@ -831,8 +907,8 @@
 Hunk 33: EXACT: @@ -915,48 +991,48 @@
 Hunk 34: EXACT: @@ -987,12 +1063,12 @@
 Hunk 35: EXACT: @@ -1003,52 +1079,52 @@
 Hunk 36: EXACT: @@ -1143,52 +1219,52 @@
 Hunk 37: EXACT: @@ -1219,12 +1295,12 @@
 Hunk 38: EXACT: @@ -1235,84 +1311,84 @@
 Hunk 39: EXACT: @@ -1407,8 +1483,8 @@
 Hunk 40: EXACT: @@ -1445,18 +1521,20 @@
Patching: net/minecraft/network/PacketEncoder.java
 Hunk 0: EXACT: @@ -4,6 +4,7 @@
 Hunk 1: EXACT: @@ -33,6 +34,7 @@
 Hunk 2: EXACT: @@ -45,14 +47,38 @@
Patching: net/minecraft/network/Varint21FrameDecoder.java
 Hunk 0: EXACT: @@ -8,8 +8,20 @@
Patching: net/minecraft/network/chat/ChatSender.java
 Hunk 0: EXACT: @@ -13,6 +13,11 @@
Patching: net/minecraft/network/chat/Component.java
 Hunk 0: EXACT: @@ -1,6 +1,7 @@
 Hunk 1: EXACT: @@ -19,8 +20,9 @@
 Hunk 2: EXACT: @@ -38,8 +40,24 @@
 Hunk 3: EXACT: @@ -50,17 +68,19 @@
 Hunk 4: EXACT: @@ -70,51 +90,68 @@
 Hunk 5: EXACT: @@ -123,7 +160,7 @@
 Hunk 6: EXACT: @@ -159,136 +196,159 @@
 Hunk 7: EXACT: @@ -301,148 +361,173 @@
Patching: net/minecraft/network/chat/TextColor.java
 Hunk 0: EXACT: @@ -11,30 +11,38 @@
 Hunk 1: EXACT: @@ -48,31 +56,29 @@
 Hunk 2: EXACT: @@ -84,12 +90,13 @@
Patching: net/minecraft/network/protocol/Packet.java
 Hunk 0: EXACT: @@ -8,6 +8,25 @@
Patching: net/minecraft/network/protocol/PacketUtils.java
 Hunk 0: EXACT: @@ -2,37 +2,83 @@
Patching: net/minecraft/network/protocol/game/ClientboundBlockEntityDataPacket.java
 Hunk 0: EXACT: @@ -17,7 +17,7 @@
Patching: net/minecraft/network/protocol/game/ClientboundContainerSetContentPacket.java
 Hunk 0: EXACT: @@ -31,6 +31,16 @@
Patching: net/minecraft/network/protocol/game/ClientboundInitializeBorderPacket.java
 Hunk 0: EXACT: @@ -5,6 +5,7 @@
 Hunk 1: EXACT: @@ -26,8 +27,10 @@
 Hunk 2: EXACT: @@ -48,7 +51,6 @@
Patching: net/minecraft/network/protocol/game/ClientboundLevelChunkPacketData.java
 Hunk 0: EXACT: @@ -24,8 +24,19 @@
 Hunk 1: EXACT: @@ -35,10 +46,27 @@
 Hunk 2: EXACT: @@ -50,7 +78,7 @@
 Hunk 3: EXACT: @@ -85,9 +113,12 @@
 Hunk 4: EXACT: @@ -152,6 +183,7 @@
Patching: net/minecraft/network/protocol/game/ClientboundLevelChunkWithLightPacket.java
 Hunk 0: EXACT: @@ -13,13 +13,30 @@
 Hunk 1: EXACT: @@ -57,4 +74,11 @@
Patching: net/minecraft/network/protocol/game/ClientboundPlayerChatPacket.java
 Hunk 0: EXACT: @@ -14,9 +14,20 @@
 Hunk 1: EXACT: @@ -24,7 +35,15 @@
Patching: net/minecraft/network/protocol/game/ClientboundSectionBlocksUpdatePacket.java
 Hunk 0: EXACT: @@ -1,5 +1,6 @@
 Hunk 1: EXACT: @@ -11,6 +12,7 @@
 Hunk 2: EXACT: @@ -21,14 +23,16 @@
 Hunk 3: EXACT: @@ -37,41 +41,52 @@
Patching: net/minecraft/network/protocol/game/ClientboundSetActionBarTextPacket.java
 Hunk 0: EXACT: @@ -6,6 +6,8 @@
 Hunk 1: EXACT: @@ -17,6 +19,13 @@
Patching: net/minecraft/network/protocol/game/ClientboundSetBorderCenterPacket.java
 Hunk 0: EXACT: @@ -5,12 +5,15 @@
 Hunk 1: EXACT: @@ -24,7 +27,6 @@
Patching: net/minecraft/network/protocol/game/ClientboundSetPlayerTeamPacket.java
 Hunk 0: EXACT: @@ -42,6 +42,12 @@
 Hunk 1: EXACT: @@ -193,7 +199,7 @@
Patching: net/minecraft/network/protocol/game/ClientboundSetSubtitleTextPacket.java
 Hunk 0: EXACT: @@ -6,6 +6,8 @@
 Hunk 1: EXACT: @@ -17,6 +19,13 @@
Patching: net/minecraft/network/protocol/game/ClientboundSetTimePacket.java
 Hunk 0: EXACT: @@ -8,7 +8,7 @@
Patching: net/minecraft/network/protocol/game/ClientboundSetTitleTextPacket.java
 Hunk 0: EXACT: @@ -6,6 +6,8 @@
 Hunk 1: EXACT: @@ -17,6 +19,13 @@
Patching: net/minecraft/network/protocol/game/ClientboundSystemChatPacket.java
 Hunk 0: EXACT: @@ -1,3 +1,4 @@
 Hunk 1: EXACT: @@ -7,18 +8,53 @@
 Hunk 2: EXACT: @@ -29,6 +65,6 @@
Patching: net/minecraft/network/protocol/game/ClientboundTabListPacket.java
 Hunk 0: EXACT: @@ -7,6 +7,10 @@
 Hunk 1: EXACT: @@ -20,6 +24,13 @@
Patching: net/minecraft/network/protocol/game/ServerboundChatPacket.java
 Hunk 0: EXACT: @@ -10,6 +10,7 @@
 Hunk 1: EXACT: @@ -24,7 +25,7 @@
 Hunk 2: EXACT: @@ -38,9 +39,17 @@
Patching: net/minecraft/network/protocol/game/ServerboundCommandSuggestionPacket.java
 Hunk 0: EXACT: @@ -14,7 +14,7 @@
Patching: net/minecraft/network/protocol/game/ServerboundInteractPacket.java
 Hunk 0: EXACT: @@ -10,8 +10,8 @@
Patching: net/minecraft/network/protocol/game/ServerboundUseItemOnPacket.java
 Hunk 0: EXACT: @@ -1,3 +1,4 @@
 Hunk 1: EXACT: @@ -6,9 +7,11 @@
 Hunk 2: EXACT: @@ -17,7 +20,8 @@
 Hunk 3: EXACT: @@ -29,7 +33,6 @@
Patching: net/minecraft/network/protocol/game/ServerboundUseItemPacket.java
 Hunk 0: EXACT: @@ -1,3 +1,4 @@
 Hunk 1: EXACT: @@ -5,8 +6,10 @@
 Hunk 2: EXACT: @@ -14,7 +17,8 @@
 Hunk 3: EXACT: @@ -24,7 +28,6 @@
Patching: net/minecraft/network/protocol/game/VecDeltaCodec.java
 Hunk 0: EXACT: @@ -5,14 +5,14 @@
Patching: net/minecraft/network/protocol/handshake/ClientIntentionPacket.java
 Hunk 0: EXACT: @@ -1,3 +1,4 @@
 Hunk 1: EXACT: @@ -6,6 +7,7 @@
 Hunk 2: EXACT: @@ -21,7 +23,7 @@
 Hunk 3: EXACT: @@ -34,7 +36,6 @@
Patching: net/minecraft/network/protocol/status/ClientboundStatusResponsePacket.java
 Hunk 0: EXACT: @@ -10,7 +10,9 @@
Patching: net/minecraft/network/syncher/EntityDataSerializers.java
 Hunk 0: EXACT: @@ -38,7 +38,7 @@
Patching: net/minecraft/network/syncher/SynchedEntityData.java
 Hunk 0: EXACT: @@ -8,13 +8,15 @@
 Hunk 1: EXACT: @@ -22,13 +24,14 @@
 Hunk 2: EXACT: @@ -37,27 +40,30 @@
 Hunk 3: EXACT: @@ -68,48 +74,61 @@
 Hunk 4: EXACT: @@ -117,24 +136,36 @@
 Hunk 5: EXACT: @@ -144,21 +175,25 @@
 Hunk 6: EXACT: @@ -168,71 +203,80 @@
 Hunk 7: EXACT: @@ -242,7 +286,7 @@
 Hunk 8: EXACT: @@ -252,16 +296,20 @@
Patching: net/minecraft/resources/RegistryLoader.java
 Hunk 0: EXACT: @@ -46,6 +46,12 @@
 Hunk 1: EXACT: @@ -76,7 +82,7 @@
Patching: net/minecraft/resources/ResourceKey.java
 Hunk 0: EXACT: @@ -8,28 +8,30 @@
 Hunk 1: EXACT: @@ -38,7 +40,6 @@
 Hunk 2: EXACT: @@ -48,7 +49,7 @@
Patching: net/minecraft/resources/ResourceLocation.java
 Hunk 0: EXACT: @@ -32,9 +32,9 @@
Patching: net/minecraft/server/Bootstrap.java
 Hunk 0: EXACT: @@ -17,6 +17,9 @@
 Hunk 1: EXACT: @@ -33,13 +36,33 @@
 Hunk 2: EXACT: @@ -52,30 +75,97 @@
 Hunk 3: EXACT: @@ -84,58 +174,66 @@
 Hunk 4: EXACT: @@ -143,17 +241,17 @@
Patching: net/minecraft/server/Main.java
 Hunk 0: EXACT: @@ -16,6 +16,8 @@
 Hunk 1: EXACT: @@ -38,6 +40,7 @@
 Hunk 2: EXACT: @@ -46,48 +49,58 @@
 Hunk 3: EXACT: @@ -95,140 +108,233 @@
Patching: net/minecraft/server/MinecraftServer.java
 Hunk 0: EXACT: @@ -2,6 +2,9 @@
 Hunk 1: EXACT: @@ -12,10 +15,10 @@
 Hunk 2: EXACT: @@ -25,6 +28,7 @@
 Hunk 3: EXACT: @@ -34,6 +38,7 @@
 Hunk 4: EXACT: @@ -44,6 +49,7 @@
 Hunk 5: EXACT: @@ -59,6 +65,7 @@
 Hunk 6: EXACT: @@ -68,7 +75,6 @@
 Hunk 7: EXACT: @@ -100,6 +106,7 @@
 Hunk 8: EXACT: @@ -129,22 +136,16 @@
 Hunk 9: EXACT: @@ -155,7 +156,33 @@
 Hunk 10: EXACT: @@ -176,28 +203,26 @@
 Hunk 11: EXACT: @@ -207,8 +232,14 @@
 Hunk 12: EXACT: @@ -219,16 +250,16 @@
 Hunk 13: EXACT: @@ -239,181 +270,472 @@
 Hunk 14: EXACT: @@ -422,50 +744,75 @@
 Hunk 15: EXACT: @@ -483,44 +830,55 @@
 Hunk 16: EXACT: @@ -528,54 +886,111 @@
 Hunk 17: EXACT: @@ -585,10 +1000,30 @@
 Hunk 18: EXACT: @@ -603,20 +1038,87 @@
 Hunk 19: EXACT: @@ -627,20 +1129,59 @@
 Hunk 20: EXACT: @@ -654,30 +1195,54 @@
 Hunk 21: EXACT: @@ -685,94 +1250,137 @@
 Hunk 22: EXACT: @@ -786,95 +1394,208 @@
 Hunk 23: EXACT: @@ -900,12 +1621,12 @@
 Hunk 24: EXACT: @@ -934,7 +1655,7 @@
 Hunk 25: EXACT: @@ -943,25 +1664,30 @@
 Hunk 26: EXACT: @@ -983,7 +1709,7 @@
 Hunk 27: EXACT: @@ -1012,20 +1738,23 @@
 Hunk 28: EXACT: @@ -1034,8 +1763,12 @@
 Hunk 29: EXACT: @@ -1046,8 +1779,9 @@
 Hunk 30: EXACT: @@ -1122,8 +1856,18 @@
 Hunk 31: EXACT: @@ -1150,7 +1894,7 @@
 Hunk 32: EXACT: @@ -1272,36 +2016,62 @@
 Hunk 33: EXACT: @@ -1311,50 +2081,63 @@
 Hunk 34: EXACT: @@ -1370,8 +2153,9 @@
 Hunk 35: EXACT: @@ -1437,16 +2221,9 @@
 Hunk 36: EXACT: @@ -1462,18 +2239,21 @@
 Hunk 37: EXACT: @@ -1482,184 +2262,216 @@
 Hunk 38: EXACT: @@ -1686,9 +2498,9 @@
 Hunk 39: EXACT: @@ -1732,7 +2544,7 @@
 Hunk 40: EXACT: @@ -1760,9 +2572,10 @@
 Hunk 41: EXACT: @@ -1771,7 +2584,7 @@
 Hunk 42: EXACT: @@ -1779,16 +2592,14 @@
 Hunk 43: EXACT: @@ -1836,4 +2647,104 @@
Patching: net/minecraft/server/PlayerAdvancements.java
 Hunk 0: EXACT: @@ -19,14 +19,14 @@
 Hunk 1: EXACT: @@ -39,6 +39,7 @@
 Hunk 2: EXACT: @@ -51,6 +52,7 @@
 Hunk 3: EXACT: @@ -68,6 +70,8 @@
 Hunk 4: EXACT: @@ -81,8 +85,12 @@
 Hunk 5: EXACT: @@ -99,7 +107,11 @@
 Hunk 6: EXACT: @@ -107,22 +119,33 @@
 Hunk 7: EXACT: @@ -134,47 +157,56 @@
 Hunk 8: EXACT: @@ -184,12 +216,16 @@
 Hunk 9: EXACT: @@ -197,95 +233,120 @@
 Hunk 10: EXACT: @@ -295,16 +356,21 @@
 Hunk 11: EXACT: @@ -316,24 +382,31 @@
 Hunk 12: EXACT: @@ -343,27 +416,29 @@
 Hunk 13: EXACT: @@ -372,31 +447,54 @@
 Hunk 14: EXACT: @@ -405,8 +503,9 @@
 Hunk 15: EXACT: @@ -421,17 +520,24 @@
Patching: net/minecraft/server/ServerAdvancementManager.java
 Hunk 0: EXACT: @@ -1,3 +1,4 @@
 Hunk 1: EXACT: @@ -7,6 +8,7 @@
 Hunk 2: EXACT: @@ -22,39 +24,51 @@
Patching: net/minecraft/server/ServerFunctionManager.java
 Hunk 0: EXACT: @@ -7,16 +7,20 @@
 Hunk 1: EXACT: @@ -38,52 +42,60 @@
 Hunk 2: EXACT: @@ -93,7 +105,7 @@
 Hunk 3: EXACT: @@ -117,19 +129,32 @@
 Hunk 4: EXACT: @@ -139,20 +164,31 @@
 Hunk 5: EXACT: @@ -160,10 +196,7 @@
 Hunk 6: EXACT: @@ -177,6 +210,7 @@
 Hunk 7: EXACT: @@ -190,31 +224,20 @@
Patching: net/minecraft/server/ServerScoreboard.java
 Hunk 0: EXACT: @@ -2,7 +2,9 @@
 Hunk 1: EXACT: @@ -19,6 +21,7 @@
 Hunk 2: EXACT: @@ -31,7 +34,7 @@
 Hunk 3: EXACT: @@ -40,7 +43,7 @@
 Hunk 4: EXACT: @@ -48,7 +51,7 @@
 Hunk 5: EXACT: @@ -56,19 +59,20 @@
 Hunk 6: EXACT: @@ -80,20 +84,50 @@
 Hunk 7: EXACT: @@ -105,7 +139,7 @@
 Hunk 8: EXACT: @@ -124,21 +158,21 @@
 Hunk 9: EXACT: @@ -147,7 +181,11 @@
 Hunk 10: EXACT: @@ -155,16 +193,21 @@
 Hunk 11: EXACT: @@ -172,10 +215,17 @@
 Hunk 12: EXACT: @@ -184,9 +234,10 @@
 Hunk 13: EXACT: @@ -197,10 +248,17 @@
 Hunk 14: EXACT: @@ -210,7 +268,7 @@
 Hunk 15: EXACT: @@ -220,17 +278,31 @@
Patching: net/minecraft/server/Services.java
 Hunk 0: EXACT: @@ -7,14 +7,30 @@
Patching: net/minecraft/server/bossevents/CustomBossEvent.java
 Hunk 0: EXACT: @@ -2,6 +2,7 @@
 Hunk 1: EXACT: @@ -15,12 +16,27 @@
 Hunk 2: EXACT: @@ -64,110 +80,154 @@
Patching: net/minecraft/server/commands/BanIpCommands.java
 Hunk 0: EXACT: @@ -61,7 +61,7 @@
Patching: net/minecraft/server/commands/BanPlayerCommands.java
 Hunk 0: EXACT: @@ -42,7 +42,7 @@
Patching: net/minecraft/server/commands/DefaultGameModeCommands.java
 Hunk 0: EXACT: @@ -31,9 +31,13 @@
Patching: net/minecraft/server/commands/DifficultyCommand.java
 Hunk 0: EXACT: @@ -5,40 +5,49 @@
Patching: net/minecraft/server/commands/EffectCommands.java
 Hunk 0: EXACT: @@ -4,12 +4,14 @@
 Hunk 1: EXACT: @@ -19,81 +21,93 @@
 Hunk 2: EXACT: @@ -104,18 +118,21 @@
Patching: net/minecraft/server/commands/GameModeCommand.java
 Hunk 0: EXACT: @@ -50,9 +50,14 @@
Patching: net/minecraft/server/commands/GameRuleCommand.java
 Hunk 0: EXACT: @@ -4,39 +4,44 @@
Patching: net/minecraft/server/commands/GiveCommand.java
 Hunk 0: EXACT: @@ -2,11 +2,13 @@
 Hunk 1: EXACT: @@ -19,54 +21,64 @@
Patching: net/minecraft/server/commands/KickCommand.java
 Hunk 0: EXACT: @@ -22,7 +22,7 @@
Patching: net/minecraft/server/commands/ListPlayersCommand.java
 Hunk 0: EXACT: @@ -1,10 +1,10 @@
 Hunk 1: EXACT: @@ -12,29 +12,39 @@
Patching: net/minecraft/server/commands/LootCommand.java
 Hunk 0: EXACT: @@ -4,16 +4,18 @@
 Hunk 1: EXACT: @@ -45,129 +47,141 @@
 Hunk 2: EXACT: @@ -178,53 +192,68 @@
 Hunk 3: EXACT: @@ -232,8 +261,9 @@
 Hunk 4: EXACT: @@ -242,8 +272,9 @@
 Hunk 5: EXACT: @@ -252,83 +283,93 @@
Patching: net/minecraft/server/commands/ReloadCommand.java
 Hunk 0: EXACT: @@ -2,10 +2,11 @@
 Hunk 1: EXACT: @@ -13,11 +14,14 @@
 Hunk 2: EXACT: @@ -25,30 +29,44 @@
Patching: net/minecraft/server/commands/ScheduleCommand.java
 Hunk 0: EXACT: @@ -3,6 +3,8 @@
 Hunk 1: EXACT: @@ -12,7 +14,6 @@
 Hunk 2: EXACT: @@ -24,60 +25,67 @@
Patching: net/minecraft/server/commands/SetSpawnCommand.java
 Hunk 0: EXACT: @@ -32,9 +32,21 @@
Patching: net/minecraft/server/commands/SpreadPlayersCommand.java
 Hunk 0: EXACT: @@ -6,15 +6,17 @@
 Hunk 1: EXACT: @@ -32,54 +34,63 @@
 Hunk 2: EXACT: @@ -87,134 +98,164 @@
 Hunk 3: EXACT: @@ -227,55 +268,66 @@
Patching: net/minecraft/server/commands/SummonCommand.java
 Hunk 0: EXACT: @@ -1,10 +1,11 @@
 Hunk 1: EXACT: @@ -23,45 +24,51 @@
Patching: net/minecraft/server/commands/TeleportCommand.java
 Hunk 0: EXACT: @@ -1,17 +1,19 @@
 Hunk 1: EXACT: @@ -32,42 +34,55 @@
 Hunk 2: EXACT: @@ -76,9 +91,10 @@
 Hunk 3: EXACT: @@ -104,18 +120,22 @@
 Hunk 4: EXACT: @@ -126,44 +146,64 @@
 Hunk 5: EXACT: @@ -172,19 +212,20 @@
 Hunk 6: EXACT: @@ -204,7 +245,7 @@
Patching: net/minecraft/server/commands/TimeCommand.java
 Hunk 0: EXACT: @@ -2,39 +2,47 @@
 Hunk 1: EXACT: @@ -43,21 +51,42 @@
Patching: net/minecraft/server/commands/TriggerCommand.java
 Hunk 0: EXACT: @@ -3,17 +3,20 @@
 Hunk 1: EXACT: @@ -22,39 +25,47 @@
 Hunk 2: EXACT: @@ -77,19 +88,21 @@
Patching: net/minecraft/server/commands/WorldBorderCommand.java
 Hunk 0: EXACT: @@ -4,11 +4,12 @@
 Hunk 1: EXACT: @@ -16,6 +17,7 @@
 Hunk 2: EXACT: @@ -26,118 +28,127 @@
Patching: net/minecraft/server/dedicated/DedicatedPlayerList.java
 Hunk 0: EXACT: @@ -17,6 +17,11 @@
Patching: net/minecraft/server/dedicated/DedicatedServer.java
 Hunk 0: EXACT: @@ -5,9 +5,9 @@
 Hunk 1: EXACT: @@ -27,6 +27,7 @@
 Hunk 2: EXACT: @@ -49,18 +50,31 @@
 Hunk 3: EXACT: @@ -72,126 +86,256 @@
 Hunk 4: EXACT: @@ -220,7 +364,7 @@
 Hunk 5: EXACT: @@ -241,36 +385,36 @@
 Hunk 6: EXACT: @@ -286,13 +430,15 @@
 Hunk 7: EXACT: @@ -307,15 +453,28 @@
 Hunk 8: EXACT: @@ -340,7 +499,7 @@
 Hunk 9: EXACT: @@ -387,7 +546,7 @@
 Hunk 10: EXACT: @@ -396,10 +555,11 @@
 Hunk 11: EXACT: @@ -427,8 +587,8 @@
 Hunk 12: EXACT: @@ -458,68 +618,71 @@
 Hunk 13: EXACT: @@ -534,28 +697,89 @@
 Hunk 14: EXACT: @@ -594,4 +818,15 @@
Patching: net/minecraft/server/dedicated/DedicatedServerProperties.java
 Hunk 0: EXACT: @@ -4,11 +4,13 @@
 Hunk 1: EXACT: @@ -35,9 +37,15 @@
 Hunk 2: EXACT: @@ -48,72 +56,122 @@
 Hunk 3: EXACT: @@ -121,8 +179,8 @@
 Hunk 4: EXACT: @@ -133,27 +191,29 @@
 Hunk 5: EXACT: @@ -166,37 +226,48 @@
Patching: net/minecraft/server/dedicated/DedicatedServerSettings.java
 Hunk 0: EXACT: @@ -3,13 +3,21 @@
 Hunk 1: EXACT: @@ -21,7 +29,7 @@
Patching: net/minecraft/server/dedicated/Settings.java
 Hunk 0: EXACT: @@ -14,42 +14,59 @@
 Hunk 1: EXACT: @@ -57,85 +74,132 @@
 Hunk 2: EXACT: @@ -148,32 +212,32 @@
 Hunk 3: EXACT: @@ -182,37 +246,39 @@
Patching: net/minecraft/server/gui/MinecraftServerGui.java
 Hunk 0: EXACT: @@ -12,6 +12,7 @@
 Hunk 1: EXACT: @@ -33,6 +34,7 @@
 Hunk 2: EXACT: @@ -45,30 +47,41 @@
 Hunk 3: EXACT: @@ -79,8 +92,8 @@
 Hunk 4: EXACT: @@ -90,55 +103,61 @@
 Hunk 5: EXACT: @@ -156,6 +175,7 @@
 Hunk 6: EXACT: @@ -163,19 +183,21 @@
Patching: net/minecraft/server/gui/StatsComponent.java
 Hunk 0: EXACT: @@ -35,8 +35,17 @@
 Hunk 1: EXACT: @@ -76,4 +85,10 @@
Patching: net/minecraft/server/level/ChunkHolder.java
 Hunk 0: EXACT: @@ -36,40 +36,116 @@
 Hunk 1: EXACT: @@ -80,65 +156,116 @@
 Hunk 2: EXACT: @@ -146,16 +273,20 @@
 Hunk 3: EXACT: @@ -164,21 +295,28 @@
 Hunk 4: EXACT: @@ -187,12 +325,25 @@
 Hunk 5: EXACT: @@ -203,26 +354,30 @@
 Hunk 6: EXACT: @@ -238,9 +393,11 @@
 Hunk 7: EXACT: @@ -249,33 +406,56 @@
 Hunk 8: EXACT: @@ -284,8 +464,8 @@
 Hunk 9: EXACT: @@ -294,24 +474,24 @@
 Hunk 10: EXACT: @@ -327,98 +507,276 @@
 Hunk 11: EXACT: @@ -426,7 +784,7 @@
 Hunk 12: EXACT: @@ -434,14 +792,40 @@
 Hunk 13: EXACT: @@ -452,25 +836,28 @@
 Hunk 14: EXACT: @@ -483,22 +870,163 @@
Patching: net/minecraft/server/level/ChunkMap.java
 Hunk 0: EXACT: @@ -1,7 +1,10 @@
 Hunk 1: EXACT: @@ -18,24 +21,31 @@
 Hunk 2: EXACT: @@ -58,6 +68,8 @@
 Hunk 3: EXACT: @@ -84,6 +96,7 @@
 Hunk 4: EXACT: @@ -93,11 +106,17 @@
 Hunk 5: EXACT: @@ -108,63 +127,442 @@
 Hunk 6: EXACT: @@ -176,46 +574,95 @@
 Hunk 7: EXACT: @@ -224,142 +671,181 @@
 Hunk 8: EXACT: @@ -367,22 +853,29 @@
 Hunk 9: EXACT: @@ -394,6 +887,7 @@
 Hunk 10: EXACT: @@ -401,115 +895,226 @@
 Hunk 11: EXACT: @@ -519,73 +1124,127 @@
 Hunk 12: EXACT: @@ -593,53 +1252,66 @@
 Hunk 13: EXACT: @@ -651,96 +1323,155 @@
 Hunk 14: EXACT: @@ -751,112 +1482,170 @@
 Hunk 15: EXACT: @@ -871,35 +1660,39 @@
 Hunk 16: EXACT: @@ -907,54 +1700,185 @@
 Hunk 17: EXACT: @@ -962,12 +1886,13 @@
 Hunk 18: EXACT: @@ -976,156 +1901,155 @@
 Hunk 19: EXACT: @@ -1136,101 +2060,178 @@
 Hunk 20: EXACT: @@ -1248,9 +2249,10 @@
 Hunk 21: EXACT: @@ -1266,42 +2268,77 @@
 Hunk 22: EXACT: @@ -1309,19 +2346,24 @@
 Hunk 23: EXACT: @@ -1329,13 +2371,24 @@
 Hunk 24: EXACT: @@ -1352,9 +2405,13 @@
 Hunk 25: EXACT: @@ -1364,8 +2421,12 @@
Patching: net/minecraft/server/level/DistanceManager.java
 Hunk 0: EXACT: @@ -12,6 +12,7 @@
 Hunk 1: EXACT: @@ -24,6 +25,7 @@
 Hunk 2: EXACT: @@ -36,20 +38,31 @@
 Hunk 3: EXACT: @@ -57,47 +70,107 @@
 Hunk 4: EXACT: @@ -106,75 +179,155 @@
 Hunk 5: EXACT: @@ -183,63 +336,190 @@
 Hunk 6: EXACT: @@ -249,38 +529,51 @@
 Hunk 7: EXACT: @@ -289,62 +582,66 @@
 Hunk 8: EXACT: @@ -354,27 +651,47 @@
 Hunk 9: EXACT: @@ -383,12 +700,13 @@
 Hunk 10: EXACT: @@ -399,14 +717,15 @@
 Hunk 11: EXACT: @@ -416,18 +735,18 @@
 Hunk 12: EXACT: @@ -435,8 +754,9 @@
 Hunk 13: EXACT: @@ -445,40 +765,44 @@
 Hunk 14: EXACT: @@ -488,10 +812,14 @@
 Hunk 15: EXACT: @@ -500,6 +828,7 @@
 Hunk 16: EXACT: @@ -530,24 +859,25 @@
 Hunk 17: EXACT: @@ -560,4 +890,5 @@
Patching: net/minecraft/server/level/ServerChunkCache.java
 Hunk 0: EXACT: @@ -8,7 +8,9 @@
 Hunk 1: EXACT: @@ -45,8 +47,11 @@
 Hunk 2: EXACT: @@ -65,12 +70,341 @@
 Hunk 3: EXACT: @@ -80,6 +414,16 @@
 Hunk 4: EXACT: @@ -95,10 +439,10 @@
 Hunk 5: EXACT: @@ -106,41 +450,231 @@
 Hunk 6: EXACT: @@ -150,115 +684,130 @@
 Hunk 7: EXACT: @@ -273,121 +822,274 @@
 Hunk 8: EXACT: @@ -418,9 +1120,10 @@
 Hunk 9: EXACT: @@ -428,9 +1131,10 @@
 Hunk 10: EXACT: @@ -512,10 +1216,8 @@
 Hunk 11: EXACT: @@ -547,13 +1249,26 @@
Patching: net/minecraft/server/level/ServerEntity.java
 Hunk 0: EXACT: @@ -5,7 +5,9 @@
 Hunk 1: EXACT: @@ -22,7 +24,6 @@
 Hunk 2: EXACT: @@ -36,8 +37,16 @@
 Hunk 3: EXACT: @@ -49,19 +58,25 @@
 Hunk 4: EXACT: @@ -71,24 +86,35 @@
 Hunk 5: EXACT: @@ -99,12 +125,16 @@
 Hunk 6: EXACT: @@ -114,65 +144,74 @@
 Hunk 7: EXACT: @@ -180,7 +219,27 @@
 Hunk 8: EXACT: @@ -188,92 +247,131 @@
 Hunk 9: EXACT: @@ -282,10 +380,16 @@
Patching: net/minecraft/server/level/ServerLevel.java
 Hunk 0: EXACT: @@ -1,6 +1,7 @@
 Hunk 1: EXACT: @@ -9,11 +10,13 @@
 Hunk 2: EXACT: @@ -21,6 +24,7 @@
 Hunk 3: EXACT: @@ -45,12 +49,12 @@
 Hunk 4: EXACT: @@ -58,6 +62,7 @@
 Hunk 5: EXACT: @@ -106,6 +111,7 @@
 Hunk 6: EXACT: @@ -127,7 +133,9 @@
 Hunk 7: EXACT: @@ -139,7 +147,7 @@
 Hunk 8: EXACT: @@ -147,8 +155,23 @@
 Hunk 9: EXACT: @@ -161,79 +184,396 @@
 Hunk 10: EXACT: @@ -246,20 +586,39 @@
 Hunk 11: EXACT: @@ -267,83 +626,102 @@
 Hunk 12: EXACT: @@ -356,135 +734,177 @@
 Hunk 13: EXACT: @@ -501,15 +921,20 @@
 Hunk 14: EXACT: @@ -529,27 +954,29 @@
 Hunk 15: EXACT: @@ -558,9 +985,9 @@
 Hunk 16: EXACT: @@ -570,8 +997,8 @@
 Hunk 17: EXACT: @@ -592,32 +1019,66 @@
 Hunk 18: EXACT: @@ -625,55 +1086,131 @@
 Hunk 19: EXACT: @@ -685,9 +1222,43 @@
 Hunk 20: EXACT: @@ -697,7 +1268,10 @@
 Hunk 21: EXACT: @@ -705,11 +1279,25 @@
 Hunk 22: EXACT: @@ -717,6 +1305,7 @@
 Hunk 23: EXACT: @@ -727,15 +1316,18 @@
 Hunk 24: EXACT: @@ -745,20 +1337,43 @@
 Hunk 25: EXACT: @@ -778,35 +1393,96 @@
 Hunk 26: EXACT: @@ -815,15 +1491,48 @@
 Hunk 27: EXACT: @@ -832,12 +1541,12 @@
 Hunk 28: EXACT: @@ -847,7 +1556,7 @@
 Hunk 29: EXACT: @@ -857,23 +1566,32 @@
 Hunk 30: EXACT: @@ -884,7 +1602,7 @@
 Hunk 31: EXACT: @@ -893,17 +1611,21 @@
 Hunk 32: EXACT: @@ -911,39 +1633,77 @@
 Hunk 33: EXACT: @@ -973,16 +1733,31 @@
 Hunk 34: EXACT: @@ -997,14 +1772,15 @@
 Hunk 35: EXACT: @@ -1012,8 +1788,9 @@
 Hunk 36: EXACT: @@ -1041,21 +1818,35 @@
 Hunk 37: EXACT: @@ -1063,8 +1854,9 @@
 Hunk 38: EXACT: @@ -1076,33 +1868,36 @@
 Hunk 39: EXACT: @@ -1134,52 +1929,138 @@
 Hunk 40: EXACT: @@ -1190,19 +2071,26 @@
 Hunk 41: EXACT: @@ -1221,11 +2109,7 @@
 Hunk 42: EXACT: @@ -1250,179 +2134,196 @@
 Hunk 43: EXACT: @@ -1437,18 +2338,17 @@
 Hunk 44: EXACT: @@ -1463,43 +2363,66 @@
 Hunk 45: EXACT: @@ -1529,7 +2452,9 @@
 Hunk 46: EXACT: @@ -1537,94 +2462,189 @@
Patching: net/minecraft/server/level/ServerPlayer.java
 Hunk 0: EXACT: @@ -1,11 +1,15 @@
 Hunk 1: EXACT: @@ -21,15 +25,18 @@
 Hunk 2: EXACT: @@ -84,9 +91,6 @@
 Hunk 3: EXACT: @@ -105,6 +109,7 @@
 Hunk 4: EXACT: @@ -118,6 +123,7 @@
 Hunk 5: EXACT: @@ -125,6 +131,7 @@
 Hunk 6: EXACT: @@ -132,22 +139,50 @@
 Hunk 7: EXACT: @@ -158,19 +193,20 @@
 Hunk 8: EXACT: @@ -181,81 +217,189 @@
 Hunk 9: EXACT: @@ -264,28 +408,29 @@
 Hunk 10: EXACT: @@ -300,25 +445,39 @@
 Hunk 11: EXACT: @@ -330,22 +489,38 @@
 Hunk 12: EXACT: @@ -356,17 +531,46 @@
 Hunk 13: EXACT: @@ -420,19 +624,30 @@
 Hunk 14: EXACT: @@ -457,14 +672,16 @@
 Hunk 15: EXACT: @@ -472,7 +689,7 @@
 Hunk 16: EXACT: @@ -485,27 +702,33 @@
 Hunk 17: EXACT: @@ -517,11 +740,26 @@
 Hunk 18: EXACT: @@ -558,38 +796,127 @@
 Hunk 19: EXACT: @@ -599,20 +926,32 @@
 Hunk 20: EXACT: @@ -624,11 +963,12 @@
 Hunk 21: EXACT: @@ -637,28 +977,34 @@
 Hunk 22: EXACT: @@ -669,26 +1015,38 @@
 Hunk 23: EXACT: @@ -699,31 +1057,46 @@
 Hunk 24: EXACT: @@ -731,87 +1104,173 @@
 Hunk 25: EXACT: @@ -819,11 +1278,7 @@
 Hunk 26: EXACT: @@ -832,48 +1287,77 @@
 Hunk 27: EXACT: @@ -887,17 +1371,37 @@
 Hunk 28: EXACT: @@ -911,12 +1415,14 @@
 Hunk 29: EXACT: @@ -924,12 +1430,16 @@
 Hunk 30: EXACT: @@ -946,12 +1456,11 @@
 Hunk 31: EXACT: @@ -963,8 +1472,9 @@
 Hunk 32: EXACT: @@ -975,8 +1485,9 @@
 Hunk 33: EXACT: @@ -984,22 +1495,47 @@
 Hunk 34: EXACT: @@ -1012,13 +1548,24 @@
 Hunk 35: EXACT: @@ -1041,9 +1588,28 @@
 Hunk 36: EXACT: @@ -1070,15 +1636,15 @@
 Hunk 37: EXACT: @@ -1089,9 +1655,15 @@
 Hunk 38: EXACT: @@ -1111,6 +1683,13 @@
 Hunk 39: EXACT: @@ -1123,6 +1702,7 @@
 Hunk 40: EXACT: @@ -1133,7 +1713,7 @@
 Hunk 41: EXACT: @@ -1146,8 +1726,9 @@
 Hunk 42: EXACT: @@ -1173,11 +1754,11 @@
 Hunk 43: EXACT: @@ -1212,7 +1793,7 @@
 Hunk 44: EXACT: @@ -1246,14 +1827,21 @@
 Hunk 45: EXACT: @@ -1263,7 +1851,7 @@
 Hunk 46: EXACT: @@ -1295,10 +1883,11 @@
 Hunk 47: EXACT: @@ -1311,23 +1900,46 @@
 Hunk 48: EXACT: @@ -1387,17 +1999,62 @@
 Hunk 49: EXACT: @@ -1424,7 +2081,7 @@
 Hunk 50: EXACT: @@ -1445,27 +2102,38 @@
 Hunk 51: EXACT: @@ -1486,11 +2154,33 @@
 Hunk 52: EXACT: @@ -1504,15 +2194,26 @@
 Hunk 53: EXACT: @@ -1537,21 +2238,23 @@
 Hunk 54: EXACT: @@ -1570,23 +2273,31 @@
 Hunk 55: EXACT: @@ -1596,11 +2307,7 @@
 Hunk 56: EXACT: @@ -1615,12 +2322,13 @@
 Hunk 57: EXACT: @@ -1631,9 +2339,155 @@
Patching: net/minecraft/server/level/ServerPlayerGameMode.java
 Hunk 0: EXACT: @@ -3,56 +3,94 @@
 Hunk 1: EXACT: @@ -61,7 +99,7 @@
 Hunk 2: EXACT: @@ -83,60 +121,99 @@
 Hunk 3: EXACT: @@ -150,13 +227,46 @@
 Hunk 4: EXACT: @@ -166,18 +276,21 @@
 Hunk 5: EXACT: @@ -196,17 +309,23 @@
 Hunk 6: EXACT: @@ -220,37 +339,126 @@
 Hunk 7: EXACT: @@ -263,25 +471,26 @@
 Hunk 8: EXACT: @@ -289,54 +498,106 @@
Patching: net/minecraft/server/level/ThreadedLevelLightEngine.java
 Hunk 0: EXACT: @@ -23,21 +23,312 @@
 Hunk 1: EXACT: @@ -55,15 +346,16 @@
 Hunk 2: EXACT: @@ -86,17 +378,16 @@
 Hunk 3: EXACT: @@ -106,6 +397,7 @@
 Hunk 4: EXACT: @@ -120,17 +412,14 @@
 Hunk 5: EXACT: @@ -153,9 +442,46 @@
 Hunk 6: EXACT: @@ -175,51 +501,45 @@
Patching: net/minecraft/server/level/Ticket.java
 Hunk 0: EXACT: @@ -7,11 +7,14 @@
 Hunk 1: EXACT: @@ -21,7 +24,7 @@
 Hunk 2: EXACT: @@ -60,7 +63,7 @@
Patching: net/minecraft/server/level/TicketType.java
 Hunk 0: EXACT: @@ -7,28 +7,39 @@
 Hunk 1: EXACT: @@ -37,7 +48,6 @@
Patching: net/minecraft/server/level/WorldGenRegion.java
 Hunk 0: EXACT: @@ -55,6 +55,7 @@
 Hunk 1: EXACT: @@ -64,11 +65,11 @@
 Hunk 2: EXACT: @@ -84,21 +85,22 @@
 Hunk 3: EXACT: @@ -124,27 +126,29 @@
 Hunk 4: EXACT: @@ -154,6 +158,26 @@
 Hunk 5: EXACT: @@ -197,13 +221,15 @@
 Hunk 6: EXACT: @@ -213,56 +239,69 @@
 Hunk 7: EXACT: @@ -272,30 +311,33 @@
 Hunk 8: EXACT: @@ -312,8 +354,16 @@
 Hunk 9: EXACT: @@ -401,20 +451,16 @@
 Hunk 10: EXACT: @@ -460,4 +506,21 @@
Patching: net/minecraft/server/level/progress/ChunkProgressListener.java
 Hunk 0: EXACT: @@ -12,4 +12,6 @@
Patching: net/minecraft/server/level/progress/LoggerChunkProgressListener.java
 Hunk 0: EXACT: @@ -11,12 +11,19 @@
Patching: net/minecraft/server/network/LegacyQueryHandler.java
 Hunk 0: EXACT: @@ -12,94 +12,230 @@
Patching: net/minecraft/server/network/ServerConnectionListener.java
 Hunk 0: EXACT: @@ -7,6 +7,7 @@
 Hunk 1: EXACT: @@ -41,6 +42,7 @@
 Hunk 2: EXACT: @@ -48,110 +50,206 @@
 Hunk 3: EXACT: @@ -167,7 +265,8 @@
 Hunk 4: EXACT: @@ -178,22 +277,25 @@
Patching: net/minecraft/server/network/ServerGamePacketListenerImpl.java
 Hunk 0: EXACT: @@ -12,11 +12,14 @@
 Hunk 1: EXACT: @@ -50,9 +53,11 @@
 Hunk 2: EXACT: @@ -63,6 +68,9 @@
 Hunk 3: EXACT: @@ -118,6 +126,7 @@
 Hunk 4: EXACT: @@ -127,25 +136,18 @@
 Hunk 5: EXACT: @@ -161,6 +163,7 @@
 Hunk 6: EXACT: @@ -168,20 +171,85 @@
 Hunk 7: EXACT: @@ -208,9 +276,14 @@
 Hunk 8: EXACT: @@ -218,9 +291,43 @@
 Hunk 9: EXACT: @@ -236,8 +343,8 @@
 Hunk 10: EXACT: @@ -255,8 +362,8 @@
 Hunk 11: EXACT: @@ -267,32 +374,48 @@
 Hunk 12: EXACT: @@ -316,29 +439,75 @@
 Hunk 13: EXACT: @@ -370,62 +539,203 @@
 Hunk 14: EXACT: @@ -435,7 +745,32 @@
 Hunk 15: EXACT: @@ -447,7 +782,7 @@
 Hunk 16: EXACT: @@ -456,6 +791,7 @@
 Hunk 17: EXACT: @@ -463,7 +799,11 @@
 Hunk 18: EXACT: @@ -476,8 +816,9 @@
 Hunk 19: EXACT: @@ -487,16 +828,74 @@
 Hunk 20: EXACT: @@ -504,58 +903,62 @@
 Hunk 21: EXACT: @@ -567,18 +970,19 @@
 Hunk 22: EXACT: @@ -588,7 +992,14 @@
 Hunk 23: EXACT: @@ -598,10 +1009,11 @@
 Hunk 24: EXACT: @@ -611,7 +1023,7 @@
 Hunk 25: EXACT: @@ -620,42 +1032,45 @@
 Hunk 26: EXACT: @@ -664,8 +1079,8 @@
 Hunk 27: EXACT: @@ -675,18 +1090,20 @@
 Hunk 28: EXACT: @@ -696,11 +1113,13 @@
 Hunk 29: EXACT: @@ -710,86 +1129,157 @@
 Hunk 30: EXACT: @@ -797,9 +1287,11 @@
 Hunk 31: EXACT: @@ -809,113 +1301,276 @@
 Hunk 32: EXACT: @@ -924,65 +1579,210 @@
 Hunk 33: EXACT: @@ -999,7 +1799,13 @@
 Hunk 34: EXACT: @@ -1012,47 +1818,83 @@
 Hunk 35: EXACT: @@ -1060,15 +1902,61 @@
 Hunk 36: EXACT: @@ -1078,10 +1966,14 @@
 Hunk 37: EXACT: @@ -1093,36 +1985,62 @@
 Hunk 38: EXACT: @@ -1138,26 +2056,46 @@
 Hunk 39: EXACT: @@ -1165,19 +2103,32 @@
 Hunk 40: EXACT: @@ -1185,27 +2136,43 @@
 Hunk 41: EXACT: @@ -1213,24 +2180,26 @@
 Hunk 42: EXACT: @@ -1240,9 +2209,10 @@
 Hunk 43: EXACT: @@ -1253,39 +2223,225 @@
 Hunk 44: EXACT: @@ -1295,71 +2451,138 @@
 Hunk 45: EXACT: @@ -1378,23 +2601,27 @@
 Hunk 46: EXACT: @@ -1411,24 +2638,76 @@
 Hunk 47: EXACT: @@ -1436,41 +2715,78 @@
 Hunk 48: EXACT: @@ -1479,8 +2795,8 @@
 Hunk 49: EXACT: @@ -1492,33 +2808,326 @@
 Hunk 50: EXACT: @@ -1531,22 +3140,37 @@
 Hunk 51: EXACT: @@ -1557,25 +3181,70 @@
 Hunk 52: EXACT: @@ -1583,52 +3252,96 @@
 Hunk 53: EXACT: @@ -1636,24 +3349,99 @@
 Hunk 54: EXACT: @@ -1671,7 +3459,8 @@
Patching: net/minecraft/server/network/ServerHandshakePacketListenerImpl.java
 Hunk 0: EXACT: @@ -4,15 +4,32 @@
 Hunk 1: EXACT: @@ -24,18 +41,111 @@
 Hunk 2: EXACT: @@ -43,18 +153,21 @@
Patching: net/minecraft/server/network/ServerLoginPacketListenerImpl.java
 Hunk 0: EXACT: @@ -3,7 +3,7 @@
 Hunk 1: EXACT: @@ -20,6 +20,7 @@
 Hunk 2: EXACT: @@ -40,7 +41,14 @@
 Hunk 3: EXACT: @@ -51,28 +59,44 @@
 Hunk 4: EXACT: @@ -85,6 +109,13 @@
 Hunk 5: EXACT: @@ -92,47 +123,98 @@
 Hunk 6: EXACT: @@ -144,153 +226,342 @@
 Hunk 7: EXACT: @@ -299,14 +570,4 @@
Patching: net/minecraft/server/network/ServerStatusPacketListenerImpl.java
 Hunk 0: EXACT: @@ -1,15 +1,27 @@
 Hunk 1: EXACT: @@ -21,8 +33,7 @@
 Hunk 2: EXACT: @@ -32,16 +43,124 @@
Patching: net/minecraft/server/players/BanListEntry.java
 Hunk 0: EXACT: @@ -8,6 +8,7 @@
 Hunk 1: EXACT: @@ -25,26 +26,28 @@
 Hunk 2: EXACT: @@ -74,9 +77,27 @@
Patching: net/minecraft/server/players/GameProfileCache.java
 Hunk 0: EXACT: @@ -1,3 +1,4 @@
 Hunk 1: EXACT: @@ -15,21 +16,23 @@
 Hunk 2: EXACT: @@ -44,6 +47,7 @@
 Hunk 3: EXACT: @@ -58,6 +62,11 @@
 Hunk 4: EXACT: @@ -65,109 +74,143 @@
 Hunk 5: EXACT: @@ -175,13 +218,16 @@
 Hunk 6: EXACT: @@ -197,128 +243,167 @@
 Hunk 7: EXACT: @@ -330,7 +415,8 @@
Patching: net/minecraft/server/players/OldUsersConverter.java
 Hunk 0: EXACT: @@ -1,5 +1,6 @@
 Hunk 1: EXACT: @@ -14,6 +15,7 @@
 Hunk 2: EXACT: @@ -21,6 +23,8 @@
 Hunk 3: EXACT: @@ -28,20 +32,27 @@
 Hunk 4: EXACT: @@ -49,69 +60,81 @@
 Hunk 5: EXACT: @@ -120,34 +143,39 @@
 Hunk 6: EXACT: @@ -156,40 +184,42 @@
 Hunk 7: EXACT: @@ -198,40 +228,42 @@
 Hunk 8: EXACT: @@ -243,105 +275,147 @@
 Hunk 9: EXACT: @@ -360,50 +434,56 @@
 Hunk 10: EXACT: @@ -411,14 +491,15 @@
 Hunk 11: EXACT: @@ -427,22 +508,25 @@
Patching: net/minecraft/server/players/PlayerList.java
 Hunk 0: EXACT: @@ -1,18 +1,24 @@
 Hunk 1: EXACT: @@ -51,6 +57,7 @@
 Hunk 2: EXACT: @@ -63,10 +70,9 @@
 Hunk 3: EXACT: @@ -77,7 +83,6 @@
 Hunk 4: EXACT: @@ -93,10 +98,32 @@
 Hunk 5: EXACT: @@ -105,426 +132,984 @@
 Hunk 6: EXACT: @@ -532,13 +1117,13 @@
 Hunk 7: EXACT: @@ -551,41 +1136,68 @@
 Hunk 8: EXACT: @@ -594,24 +1206,26 @@
 Hunk 9: EXACT: @@ -619,10 +1233,25 @@
 Hunk 10: EXACT: @@ -641,26 +1270,37 @@
 Hunk 11: EXACT: @@ -676,15 +1316,19 @@
 Hunk 12: EXACT: @@ -713,106 +1357,152 @@
 Hunk 13: EXACT: @@ -820,11 +1510,14 @@
 Hunk 14: EXACT: @@ -836,7 +1529,7 @@
 Hunk 15: EXACT: @@ -844,16 +1537,30 @@
Patching: net/minecraft/server/players/SleepStatus.java
 Hunk 0: EXACT: @@ -1,25 +1,33 @@
 Hunk 1: EXACT: @@ -33,18 +41,28 @@
Patching: net/minecraft/server/players/StoredUserList.java
 Hunk 0: EXACT: @@ -13,20 +13,41 @@
 Hunk 1: EXACT: @@ -41,16 +62,21 @@
 Hunk 2: EXACT: @@ -58,8 +84,8 @@
 Hunk 3: EXACT: @@ -69,34 +95,50 @@
 Hunk 4: EXACT: @@ -106,61 +148,81 @@
Patching: net/minecraft/server/players/UserBanListEntry.java
 Hunk 0: EXACT: @@ -1,3 +1,4 @@
 Hunk 1: EXACT: @@ -9,8 +10,9 @@
 Hunk 2: EXACT: @@ -18,38 +20,49 @@
Patching: net/minecraft/server/rcon/NetworkDataOutputStream.java
 Hunk 0: EXACT: @@ -22,6 +22,16 @@
Patching: net/minecraft/server/rcon/RconConsoleSource.java
 Hunk 0: EXACT: @@ -10,6 +10,7 @@
 Hunk 1: EXACT: @@ -28,10 +29,22 @@
Patching: net/minecraft/server/rcon/thread/QueryThreadGs4.java
 Hunk 0: EXACT: @@ -105,13 +105,32 @@
 Hunk 1: EXACT: @@ -146,31 +165,75 @@
Patching: net/minecraft/server/rcon/thread/RconThread.java
 Hunk 0: EXACT: @@ -60,7 +60,7 @@
Patching: net/minecraft/stats/ServerRecipeBook.java
 Hunk 0: EXACT: @@ -4,6 +4,7 @@
 Hunk 1: EXACT: @@ -19,21 +20,29 @@
 Hunk 2: EXACT: @@ -45,12 +54,15 @@
 Hunk 3: EXACT: @@ -60,51 +72,62 @@
Patching: net/minecraft/stats/ServerStatsCounter.java
 Hunk 0: EXACT: @@ -1,3 +1,4 @@
 Hunk 1: EXACT: @@ -12,11 +13,14 @@
 Hunk 2: EXACT: @@ -34,6 +38,7 @@
 Hunk 3: EXACT: @@ -42,154 +47,187 @@
 Hunk 4: EXACT: @@ -201,12 +239,15 @@
Patching: net/minecraft/stats/StatsCounter.java
 Hunk 0: EXACT: @@ -6,15 +6,23 @@
Patching: net/minecraft/util/BitStorage.java
 Hunk 0: EXACT: @@ -20,4 +20,15 @@
Patching: net/minecraft/util/SimpleBitStorage.java
 Hunk 0: EXACT: @@ -11,8 +11,8 @@
 Hunk 1: EXACT: @@ -56,8 +56,8 @@
 Hunk 2: EXACT: @@ -73,15 +73,15 @@
 Hunk 3: EXACT: @@ -91,9 +91,9 @@
 Hunk 4: EXACT: @@ -101,8 +101,8 @@
 Hunk 5: EXACT: @@ -124,6 +124,28 @@
Patching: net/minecraft/util/SortedArraySet.java
 Hunk 0: EXACT: @@ -22,13 +22,48 @@
Patching: net/minecraft/util/SpawnUtil.java
 Hunk 0: EXACT: @@ -14,22 +14,53 @@
 Hunk 1: EXACT: @@ -38,30 +69,32 @@
Patching: net/minecraft/util/ZeroBitStorage.java
 Hunk 0: EXACT: @@ -13,21 +13,21 @@
 Hunk 1: EXACT: @@ -46,6 +46,15 @@
Patching: net/minecraft/util/datafix/DataFixers.java
 Hunk 0: EXACT: @@ -2,6 +2,7 @@
 Hunk 1: EXACT: @@ -15,165 +16,7 @@
 Hunk 2: EXACT: @@ -242,506 +85,705 @@
Patching: net/minecraft/util/datafix/fixes/ItemStackMapIdFix.java
 Hunk 0: EXACT: @@ -14,22 +14,26 @@
Patching: net/minecraft/util/datafix/fixes/ItemStackTheFlatteningFix.java
 Hunk 0: EXACT: @@ -20,371 +20,378 @@
Patching: net/minecraft/util/thread/BlockableEventLoop.java
 Hunk 0: EXACT: @@ -78,6 +78,13 @@
 Hunk 1: EXACT: @@ -145,6 +152,7 @@
Patching: net/minecraft/util/worldupdate/WorldUpgrader.java
 Hunk 0: EXACT: @@ -2,8 +2,10 @@
 Hunk 1: EXACT: @@ -15,6 +17,7 @@
 Hunk 2: EXACT: @@ -31,12 +34,14 @@
 Hunk 3: EXACT: @@ -50,7 +55,7 @@
 Hunk 4: EXACT: @@ -61,9 +66,9 @@
 Hunk 5: EXACT: @@ -75,171 +80,201 @@
 Hunk 6: EXACT: @@ -253,7 +288,7 @@
Patching: net/minecraft/world/BossEvent.java
 Hunk 0: EXACT: @@ -13,6 +13,7 @@
 Hunk 1: EXACT: @@ -27,61 +28,75 @@
Patching: net/minecraft/world/CompoundContainer.java
 Hunk 0: EXACT: @@ -3,10 +3,62 @@
 Hunk 1: EXACT: @@ -53,7 +105,7 @@
Patching: net/minecraft/world/Container.java
 Hunk 0: EXACT: @@ -5,8 +5,12 @@
 Hunk 1: EXACT: @@ -21,19 +25,15 @@
 Hunk 2: EXACT: @@ -42,10 +42,11 @@
 Hunk 3: EXACT: @@ -53,19 +54,45 @@
Patching: net/minecraft/world/LockCode.java
 Hunk 0: EXACT: @@ -4,8 +4,14 @@
 Hunk 1: EXACT: @@ -15,7 +21,19 @@
 Hunk 2: EXACT: @@ -26,6 +44,6 @@
Patching: net/minecraft/world/SimpleContainer.java
 Hunk 0: EXACT: @@ -1,6 +1,7 @@
 Hunk 1: EXACT: @@ -13,15 +14,74 @@
 Hunk 2: EXACT: @@ -46,81 +106,90 @@
 Hunk 3: EXACT: @@ -141,20 +210,30 @@
 Hunk 4: EXACT: @@ -173,23 +252,27 @@
 Hunk 5: EXACT: @@ -199,10 +282,11 @@
 Hunk 6: EXACT: @@ -214,6 +298,7 @@
 Hunk 7: EXACT: @@ -223,25 +308,27 @@
Patching: net/minecraft/world/damagesource/DamageSource.java
 Hunk 0: EXACT: @@ -13,6 +13,7 @@
 Hunk 1: EXACT: @@ -51,6 +52,31 @@
 Hunk 2: EXACT: @@ -101,7 +127,7 @@
 Hunk 3: EXACT: @@ -116,7 +142,6 @@
 Hunk 4: EXACT: @@ -215,10 +240,11 @@
 Hunk 5: EXACT: @@ -262,7 +288,8 @@
Patching: net/minecraft/world/damagesource/IndirectEntityDamageSource.java
 Hunk 0: EXACT: @@ -7,6 +7,7 @@
 Hunk 1: EXACT: @@ -29,10 +30,17 @@
Patching: net/minecraft/world/effect/MobEffect.java
 Hunk 0: EXACT: @@ -1,7 +1,9 @@
 Hunk 1: EXACT: @@ -9,6 +11,8 @@
 Hunk 2: EXACT: @@ -17,8 +21,12 @@
 Hunk 3: EXACT: @@ -30,94 +38,97 @@
 Hunk 4: EXACT: @@ -152,8 +163,9 @@
 Hunk 5: EXACT: @@ -167,29 +179,38 @@
Patching: net/minecraft/world/effect/MobEffectInstance.java
 Hunk 0: EXACT: @@ -265,7 +265,7 @@
Patching: net/minecraft/world/effect/MobEffectUtil.java
 Hunk 0: EXACT: @@ -11,11 +11,15 @@
 Hunk 1: EXACT: @@ -27,6 +31,7 @@
 Hunk 2: EXACT: @@ -43,12 +48,32 @@
Patching: net/minecraft/world/effect/MobEffects.java
 Hunk 0: EXACT: @@ -9,38 +9,39 @@
 Hunk 1: EXACT: @@ -48,25 +49,37 @@
Patching: net/minecraft/world/entity/AgeableMob.java
 Hunk 0: EXACT: @@ -12,30 +12,58 @@
 Hunk 1: EXACT: @@ -44,7 +72,7 @@
 Hunk 2: EXACT: @@ -52,24 +80,24 @@
 Hunk 3: EXACT: @@ -86,10 +114,11 @@
 Hunk 4: EXACT: @@ -100,6 +129,7 @@
 Hunk 5: EXACT: @@ -107,11 +137,12 @@
 Hunk 6: EXACT: @@ -121,7 +152,7 @@
 Hunk 7: EXACT: @@ -131,6 +162,7 @@
 Hunk 8: EXACT: @@ -142,8 +174,7 @@
 Hunk 9: EXACT: @@ -156,10 +187,11 @@
Patching: net/minecraft/world/entity/AreaEffectCloud.java
 Hunk 0: EXACT: @@ -5,6 +5,8 @@
 Hunk 1: EXACT: @@ -20,6 +22,7 @@
 Hunk 2: EXACT: @@ -29,8 +32,12 @@
 Hunk 3: EXACT: @@ -38,23 +45,29 @@
 Hunk 4: EXACT: @@ -66,30 +79,31 @@
 Hunk 5: EXACT: @@ -102,9 +116,9 @@
 Hunk 6: EXACT: @@ -117,29 +131,45 @@
 Hunk 7: EXACT: @@ -150,54 +180,68 @@
 Hunk 8: EXACT: @@ -205,12 +249,13 @@
 Hunk 9: EXACT: @@ -226,33 +271,57 @@
 Hunk 10: EXACT: @@ -315,17 +384,18 @@
 Hunk 11: EXACT: @@ -349,8 +419,8 @@
 Hunk 12: EXACT: @@ -363,13 +433,15 @@
 Hunk 13: EXACT: @@ -400,20 +472,23 @@
Patching: net/minecraft/world/entity/Entity.java
 Hunk 0: EXACT: @@ -1,17 +1,21 @@
 Hunk 1: EXACT: @@ -31,6 +35,7 @@
 Hunk 2: EXACT: @@ -52,7 +57,9 @@
 Hunk 3: EXACT: @@ -69,6 +76,8 @@
 Hunk 4: EXACT: @@ -95,6 +104,7 @@
 Hunk 5: EXACT: @@ -117,8 +127,141 @@
 Hunk 6: EXACT: @@ -138,9 +281,9 @@
 Hunk 7: EXACT: @@ -151,19 +294,19 @@
 Hunk 8: EXACT: @@ -173,21 +316,21 @@
 Hunk 9: EXACT: @@ -202,10 +345,10 @@
 Hunk 10: EXACT: @@ -213,11 +356,11 @@
 Hunk 11: EXACT: @@ -228,38 +371,234 @@
 Hunk 12: EXACT: @@ -325,16 +664,10 @@
 Hunk 13: EXACT: @@ -343,18 +676,23 @@
 Hunk 14: EXACT: @@ -363,13 +701,41 @@
 Hunk 15: EXACT: @@ -379,8 +745,8 @@
 Hunk 16: EXACT: @@ -392,13 +758,14 @@
 Hunk 17: EXACT: @@ -410,8 +777,18 @@
 Hunk 18: EXACT: @@ -424,7 +801,7 @@
 Hunk 19: EXACT: @@ -450,15 +827,19 @@
 Hunk 20: EXACT: @@ -475,7 +856,11 @@
 Hunk 21: EXACT: @@ -502,22 +887,56 @@
 Hunk 22: EXACT: @@ -554,12 +973,49 @@
 Hunk 23: EXACT: @@ -572,103 +1028,178 @@
 Hunk 24: EXACT: @@ -685,6 +1216,13 @@
 Hunk 25: EXACT: @@ -694,11 +1232,12 @@
 Hunk 26: EXACT: @@ -728,34 +1267,34 @@
 Hunk 27: EXACT: @@ -770,21 +1309,24 @@
 Hunk 28: EXACT: @@ -793,93 +1335,147 @@
 Hunk 29: EXACT: @@ -895,26 +1491,28 @@
 Hunk 30: EXACT: @@ -923,8 +1521,7 @@
 Hunk 31: EXACT: @@ -936,19 +1533,21 @@
 Hunk 32: EXACT: @@ -958,8 +1557,7 @@
 Hunk 33: EXACT: @@ -967,7 +1565,7 @@
 Hunk 34: EXACT: @@ -980,19 +1578,19 @@
 Hunk 35: EXACT: @@ -1012,7 +1610,7 @@
 Hunk 36: EXACT: @@ -1028,7 +1626,11 @@
 Hunk 37: EXACT: @@ -1041,8 +1643,9 @@
 Hunk 38: EXACT: @@ -1081,9 +1684,10 @@
 Hunk 39: EXACT: @@ -1106,19 +1710,27 @@
 Hunk 40: EXACT: @@ -1126,26 +1738,31 @@
 Hunk 41: EXACT: @@ -1167,13 +1784,15 @@
 Hunk 42: EXACT: @@ -1187,19 +1806,22 @@
 Hunk 43: EXACT: @@ -1215,15 +1837,18 @@
 Hunk 44: EXACT: @@ -1235,43 +1860,54 @@
 Hunk 45: EXACT: @@ -1279,40 +1915,43 @@
 Hunk 46: EXACT: @@ -1351,13 +1990,14 @@
 Hunk 47: EXACT: @@ -1373,10 +2013,11 @@
 Hunk 48: EXACT: @@ -1384,17 +2025,19 @@
 Hunk 49: EXACT: @@ -1402,49 +2045,73 @@
 Hunk 50: EXACT: @@ -1457,19 +2124,50 @@
 Hunk 51: EXACT: @@ -1489,6 +2187,7 @@
 Hunk 52: EXACT: @@ -1497,53 +2196,91 @@
 Hunk 53: EXACT: @@ -1562,16 +2299,16 @@
 Hunk 54: EXACT: @@ -1583,11 +2320,11 @@
 Hunk 55: EXACT: @@ -1602,11 +2339,97 @@
 Hunk 56: EXACT: @@ -1616,9 +2439,10 @@
 Hunk 57: EXACT: @@ -1626,23 +2450,31 @@
 Hunk 58: EXACT: @@ -1652,7 +2484,7 @@
 Hunk 59: EXACT: @@ -1667,10 +2499,33 @@
 Hunk 60: EXACT: @@ -1683,11 +2538,32 @@
 Hunk 61: EXACT: @@ -1695,11 +2571,11 @@
 Hunk 62: EXACT: @@ -1717,20 +2593,20 @@
 Hunk 63: EXACT: @@ -1738,35 +2614,35 @@
 Hunk 64: EXACT: @@ -1775,22 +2651,28 @@
 Hunk 65: EXACT: @@ -1799,40 +2681,113 @@
 Hunk 66: EXACT: @@ -1857,12 +2812,14 @@
 Hunk 67: EXACT: @@ -1889,16 +2846,32 @@
 Hunk 68: EXACT: @@ -1914,6 +2887,7 @@
 Hunk 69: EXACT: @@ -1933,27 +2907,26 @@
 Hunk 70: EXACT: @@ -1993,7 +2966,7 @@
 Hunk 71: EXACT: @@ -2009,7 +2982,7 @@
 Hunk 72: EXACT: @@ -2017,6 +2990,13 @@
 Hunk 73: EXACT: @@ -2041,16 +3021,17 @@
 Hunk 74: EXACT: @@ -2062,47 +3043,64 @@
 Hunk 75: EXACT: @@ -2115,39 +3113,71 @@
 Hunk 76: EXACT: @@ -2156,33 +3186,39 @@
 Hunk 77: EXACT: @@ -2193,19 +3229,23 @@
 Hunk 78: EXACT: @@ -2220,11 +3260,9 @@
 Hunk 79: EXACT: @@ -2234,10 +3272,10 @@
 Hunk 80: EXACT: @@ -2257,39 +3295,104 @@
 Hunk 81: EXACT: @@ -2304,43 +3407,78 @@
 Hunk 82: EXACT: @@ -2348,12 +3486,27 @@
 Hunk 83: EXACT: @@ -2374,21 +3527,24 @@
 Hunk 84: EXACT: @@ -2419,48 +3575,49 @@
 Hunk 85: EXACT: @@ -2473,8 +3630,12 @@
 Hunk 86: EXACT: @@ -2486,34 +3647,37 @@
 Hunk 87: EXACT: @@ -2537,23 +3701,43 @@
 Hunk 88: EXACT: @@ -2562,7 +3746,7 @@
 Hunk 89: EXACT: @@ -2570,8 +3754,7 @@
 Hunk 90: EXACT: @@ -2590,22 +3773,21 @@
 Hunk 91: EXACT: @@ -2620,6 +3802,7 @@
 Hunk 92: EXACT: @@ -2649,7 +3832,7 @@
 Hunk 93: EXACT: @@ -2657,36 +3840,57 @@
 Hunk 94: EXACT: @@ -2694,7 +3898,9 @@
 Hunk 95: EXACT: @@ -2705,29 +3911,27 @@
 Hunk 96: EXACT: @@ -2749,7 +3953,7 @@
 Hunk 97: EXACT: @@ -2776,13 +3980,14 @@
 Hunk 98: EXACT: @@ -2792,75 +3997,86 @@
 Hunk 99: EXACT: @@ -2869,7 +4085,7 @@
 Hunk 100: EXACT: @@ -2882,7 +4098,7 @@
 Hunk 101: EXACT: @@ -2916,7 +4132,9 @@
 Hunk 102: EXACT: @@ -2932,7 +4150,7 @@
 Hunk 103: EXACT: @@ -2948,7 +4166,7 @@
 Hunk 104: EXACT: @@ -2956,7 +4174,7 @@
 Hunk 105: EXACT: @@ -2968,19 +4186,59 @@
 Hunk 106: EXACT: @@ -2992,22 +4250,28 @@
 Hunk 107: EXACT: @@ -3093,13 +4357,7 @@
 Hunk 108: EXACT: @@ -3115,23 +4373,37 @@
 Hunk 109: EXACT: @@ -3147,27 +4419,19 @@
Patching: net/minecraft/world/entity/EntitySelector.java
 Hunk 0: EXACT: @@ -9,6 +9,7 @@
 Hunk 1: EXACT: @@ -20,54 +21,65 @@
 Hunk 2: EXACT: @@ -80,21 +92,22 @@
Patching: net/minecraft/world/entity/EntityType.java
 Hunk 0: EXACT: @@ -153,128 +153,129 @@
 Hunk 1: EXACT: @@ -292,8 +293,8 @@
 Hunk 2: EXACT: @@ -304,7 +305,15 @@
 Hunk 3: EXACT: @@ -315,6 +324,14 @@
 Hunk 4: EXACT: @@ -324,66 +341,103 @@
 Hunk 5: EXACT: @@ -425,20 +479,21 @@
 Hunk 6: EXACT: @@ -458,28 +513,23 @@
 Hunk 7: EXACT: @@ -492,46 +542,55 @@
 Hunk 8: EXACT: @@ -540,9 +599,9 @@
 Hunk 9: EXACT: @@ -555,8 +614,14 @@
 Hunk 10: EXACT: @@ -564,9 +629,8 @@
 Hunk 11: EXACT: @@ -581,6 +645,7 @@
 Hunk 12: EXACT: @@ -598,13 +663,13 @@
 Hunk 13: EXACT: @@ -653,11 +718,12 @@
Patching: net/minecraft/world/entity/ExperienceOrb.java
 Hunk 0: EXACT: @@ -1,7 +1,8 @@
 Hunk 1: EXACT: @@ -18,29 +19,89 @@
 Hunk 2: EXACT: @@ -49,12 +110,12 @@
 Hunk 3: EXACT: @@ -65,7 +126,7 @@
 Hunk 4: EXACT: @@ -80,22 +141,40 @@
 Hunk 5: EXACT: @@ -108,39 +187,55 @@
 Hunk 6: EXACT: @@ -148,7 +243,7 @@
 Hunk 7: EXACT: @@ -162,13 +257,13 @@
 Hunk 8: EXACT: @@ -178,7 +273,7 @@
 Hunk 9: EXACT: @@ -189,29 +284,32 @@
 Hunk 10: EXACT: @@ -224,13 +322,24 @@
 Hunk 11: EXACT: @@ -249,51 +358,29 @@
Patching: net/minecraft/world/entity/ItemBasedSteering.java
 Hunk 0: EXACT: @@ -6,6 +6,7 @@
 Hunk 1: EXACT: @@ -24,7 +25,7 @@
 Hunk 2: EXACT: @@ -39,6 +40,15 @@
 Hunk 3: EXACT: @@ -52,6 +62,6 @@
Patching: net/minecraft/world/entity/LightningBolt.java
 Hunk 0: EXACT: @@ -1,6 +1,8 @@
 Hunk 1: EXACT: @@ -8,6 +10,8 @@
 Hunk 2: EXACT: @@ -26,8 +30,12 @@
 Hunk 3: EXACT: @@ -39,6 +47,7 @@
 Hunk 4: EXACT: @@ -67,10 +76,11 @@
 Hunk 5: EXACT: @@ -78,34 +88,41 @@
 Hunk 6: EXACT: @@ -118,19 +135,22 @@
 Hunk 7: EXACT: @@ -138,51 +158,64 @@
 Hunk 8: EXACT: @@ -191,49 +224,56 @@
Patching: net/minecraft/world/entity/LivingEntity.java
 Hunk 0: EXACT: @@ -1,5 +1,6 @@
 Hunk 1: EXACT: @@ -28,6 +29,8 @@
 Hunk 2: EXACT: @@ -74,11 +77,11 @@
 Hunk 3: EXACT: @@ -113,17 +116,41 @@
 Hunk 4: EXACT: @@ -155,10 +182,10 @@
 Hunk 5: EXACT: @@ -173,16 +200,16 @@
 Hunk 6: EXACT: @@ -205,7 +232,7 @@
 Hunk 7: EXACT: @@ -214,11 +241,11 @@
 Hunk 8: EXACT: @@ -227,20 +254,54 @@
 Hunk 9: EXACT: @@ -266,13 +327,13 @@
 Hunk 10: EXACT: @@ -291,11 +352,19 @@
 Hunk 11: EXACT: @@ -328,32 +397,37 @@
 Hunk 12: EXACT: @@ -368,10 +442,11 @@
 Hunk 13: EXACT: @@ -408,9 +483,9 @@
 Hunk 14: EXACT: @@ -428,9 +503,11 @@
 Hunk 15: EXACT: @@ -448,10 +525,11 @@
 Hunk 16: EXACT: @@ -460,17 +538,20 @@
 Hunk 17: EXACT: @@ -479,10 +560,11 @@
 Hunk 18: EXACT: @@ -491,14 +573,17 @@
 Hunk 19: EXACT: @@ -506,6 +591,7 @@
 Hunk 20: EXACT: @@ -537,7 +623,7 @@
 Hunk 21: EXACT: @@ -552,8 +638,9 @@
 Hunk 22: EXACT: @@ -581,7 +668,7 @@
 Hunk 23: EXACT: @@ -602,7 +689,7 @@
 Hunk 24: EXACT: @@ -631,13 +718,20 @@
 Hunk 25: EXACT: @@ -646,9 +740,10 @@
 Hunk 26: EXACT: @@ -657,52 +752,76 @@
 Hunk 27: EXACT: @@ -711,11 +830,13 @@
 Hunk 28: EXACT: @@ -724,40 +845,83 @@
 Hunk 29: EXACT: @@ -768,25 +932,28 @@
 Hunk 30: EXACT: @@ -798,49 +965,54 @@
 Hunk 31: EXACT: @@ -856,33 +1028,53 @@
 Hunk 32: EXACT: @@ -900,24 +1092,56 @@
 Hunk 33: EXACT: @@ -927,8 +1151,9 @@
 Hunk 34: EXACT: @@ -938,8 +1163,9 @@
 Hunk 35: EXACT: @@ -952,15 +1178,42 @@
 Hunk 36: EXACT: @@ -978,9 +1231,10 @@
 Hunk 37: EXACT: @@ -993,20 +1247,66 @@
 Hunk 38: EXACT: @@ -1019,7 +1319,7 @@
 Hunk 39: EXACT: @@ -1029,63 +1329,89 @@
 Hunk 40: EXACT: @@ -1093,78 +1419,85 @@
 Hunk 41: EXACT: @@ -1173,40 +1506,57 @@
 Hunk 42: EXACT: @@ -1220,29 +1570,35 @@
 Hunk 43: EXACT: @@ -1265,9 +1621,10 @@
 Hunk 44: EXACT: @@ -1275,106 +1632,205 @@
 Hunk 45: EXACT: @@ -1429,13 +1885,14 @@
 Hunk 46: EXACT: @@ -1444,9 +1901,10 @@
 Hunk 47: EXACT: @@ -1461,33 +1919,42 @@
 Hunk 48: EXACT: @@ -1504,19 +1971,16 @@
 Hunk 49: EXACT: @@ -1526,18 +1990,23 @@
 Hunk 50: EXACT: @@ -1547,9 +2016,9 @@
 Hunk 51: EXACT: @@ -1557,25 +2026,181 @@
 Hunk 52: EXACT: @@ -1584,41 +2209,41 @@
 Hunk 53: EXACT: @@ -1631,12 +2256,13 @@
 Hunk 54: EXACT: @@ -1661,35 +2287,38 @@
 Hunk 55: EXACT: @@ -1744,19 +2373,21 @@
 Hunk 56: EXACT: @@ -1788,19 +2419,21 @@
 Hunk 57: EXACT: @@ -1810,6 +2443,7 @@
 Hunk 58: EXACT: @@ -1820,7 +2454,7 @@
 Hunk 59: EXACT: @@ -1853,8 +2487,8 @@
 Hunk 60: EXACT: @@ -1894,13 +2528,20 @@
 Hunk 61: EXACT: @@ -1910,27 +2551,28 @@
 Hunk 62: EXACT: @@ -1956,17 +2598,19 @@
 Hunk 63: EXACT: @@ -1979,27 +2623,42 @@
 Hunk 64: EXACT: @@ -2012,135 +2671,153 @@
 Hunk 65: EXACT: @@ -2150,15 +2827,16 @@
 Hunk 66: EXACT: @@ -2166,24 +2844,26 @@
 Hunk 67: EXACT: @@ -2193,14 +2873,15 @@
 Hunk 68: EXACT: @@ -2230,6 +2911,7 @@
 Hunk 69: EXACT: @@ -2242,6 +2924,7 @@
 Hunk 70: EXACT: @@ -2264,73 +2947,76 @@
 Hunk 71: EXACT: @@ -2340,11 +3026,11 @@
 Hunk 72: EXACT: @@ -2357,33 +3043,45 @@
 Hunk 73: EXACT: @@ -2392,37 +3090,124 @@
 Hunk 74: EXACT: @@ -2430,7 +3215,7 @@
 Hunk 75: EXACT: @@ -2438,24 +3223,26 @@
 Hunk 76: EXACT: @@ -2473,41 +3260,43 @@
 Hunk 77: EXACT: @@ -2522,26 +3311,26 @@
 Hunk 78: EXACT: @@ -2552,36 +3341,55 @@
 Hunk 79: EXACT: @@ -2593,47 +3401,60 @@
 Hunk 80: EXACT: @@ -2643,8 +3464,12 @@
 Hunk 81: EXACT: @@ -2652,13 +3477,15 @@
 Hunk 82: EXACT: @@ -2678,18 +3505,24 @@
 Hunk 83: EXACT: @@ -2708,14 +3541,14 @@
 Hunk 84: EXACT: @@ -2724,16 +3557,17 @@
 Hunk 85: EXACT: @@ -2742,13 +3576,11 @@
 Hunk 86: EXACT: @@ -2758,12 +3590,13 @@
 Hunk 87: EXACT: @@ -2772,15 +3605,29 @@
 Hunk 88: EXACT: @@ -2797,7 +3644,7 @@
 Hunk 89: EXACT: @@ -2809,18 +3656,16 @@
 Hunk 90: EXACT: @@ -2829,13 +3674,18 @@
 Hunk 91: EXACT: @@ -2853,8 +3703,12 @@
 Hunk 92: EXACT: @@ -2862,10 +3716,11 @@
 Hunk 93: EXACT: @@ -2879,21 +3734,32 @@
 Hunk 94: EXACT: @@ -2906,11 +3772,11 @@
 Hunk 95: EXACT: @@ -2918,7 +3784,10 @@
 Hunk 96: EXACT: @@ -2940,41 +3809,78 @@
 Hunk 97: EXACT: @@ -2995,6 +3901,7 @@
 Hunk 98: EXACT: @@ -3006,30 +3913,92 @@
 Hunk 99: EXACT: @@ -3048,48 +4017,81 @@
 Hunk 100: EXACT: @@ -3101,8 +4103,7 @@
 Hunk 101: EXACT: @@ -3115,7 +4116,7 @@
 Hunk 102: EXACT: @@ -3123,20 +4124,21 @@
 Hunk 103: EXACT: @@ -3148,9 +4150,10 @@
 Hunk 104: EXACT: @@ -3161,42 +4164,51 @@
 Hunk 105: EXACT: @@ -3219,9 +4231,9 @@
 Hunk 106: EXACT: @@ -3233,10 +4245,16 @@
 Hunk 107: EXACT: @@ -3263,7 +4281,7 @@
 Hunk 108: EXACT: @@ -3274,6 +4292,7 @@
 Hunk 109: EXACT: @@ -3282,46 +4301,26 @@
 Hunk 110: EXACT: @@ -3329,8 +4328,9 @@
 Hunk 111: EXACT: @@ -3346,19 +4346,20 @@
 Hunk 112: EXACT: @@ -3367,5 +4368,6 @@
Patching: net/minecraft/world/entity/Marker.java
 Hunk 0: EXACT: @@ -38,8 +38,9 @@
Patching: net/minecraft/world/entity/Mob.java
 Hunk 0: EXACT: @@ -3,6 +3,8 @@
 Hunk 1: EXACT: @@ -22,6 +24,7 @@
 Hunk 2: EXACT: @@ -63,6 +66,7 @@
 Hunk 3: EXACT: @@ -71,8 +75,19 @@
 Hunk 4: EXACT: @@ -95,17 +110,18 @@
 Hunk 5: EXACT: @@ -114,11 +130,20 @@
 Hunk 6: EXACT: @@ -135,8 +160,13 @@
 Hunk 7: EXACT: @@ -151,15 +181,17 @@
 Hunk 8: EXACT: @@ -178,10 +210,24 @@
 Hunk 9: EXACT: @@ -193,8 +239,9 @@
 Hunk 10: EXACT: @@ -209,8 +256,40 @@
 Hunk 11: EXACT: @@ -229,7 +308,7 @@
 Hunk 12: EXACT: @@ -237,9 +316,10 @@
 Hunk 13: EXACT: @@ -271,14 +351,16 @@
 Hunk 14: EXACT: @@ -291,15 +373,16 @@
 Hunk 15: EXACT: @@ -327,11 +410,12 @@
 Hunk 16: EXACT: @@ -350,57 +434,74 @@
 Hunk 17: EXACT: @@ -417,45 +518,58 @@
 Hunk 18: EXACT: @@ -470,6 +584,11 @@
 Hunk 19: EXACT: @@ -488,7 +607,7 @@
 Hunk 20: EXACT: @@ -515,11 +634,20 @@
 Hunk 21: EXACT: @@ -528,30 +656,47 @@
 Hunk 22: EXACT: @@ -582,13 +727,10 @@
 Hunk 23: EXACT: @@ -600,15 +742,10 @@
 Hunk 24: EXACT: @@ -617,10 +754,11 @@
 Hunk 25: EXACT: @@ -632,19 +770,11 @@
 Hunk 26: EXACT: @@ -672,20 +802,28 @@
 Hunk 27: EXACT: @@ -698,10 +836,22 @@
 Hunk 28: EXACT: @@ -740,8 +890,7 @@
 Hunk 29: EXACT: @@ -756,38 +905,44 @@
 Hunk 30: EXACT: @@ -811,7 +966,8 @@
 Hunk 31: EXACT: @@ -835,9 +991,9 @@
 Hunk 32: EXACT: @@ -848,10 +1004,10 @@
 Hunk 33: EXACT: @@ -859,18 +1015,28 @@
 Hunk 34: EXACT: @@ -878,6 +1044,7 @@
 Hunk 35: EXACT: @@ -896,6 +1063,7 @@
 Hunk 36: EXACT: @@ -908,20 +1076,26 @@
 Hunk 37: EXACT: @@ -988,11 +1162,16 @@
 Hunk 38: EXACT: @@ -1000,24 +1179,26 @@
 Hunk 39: EXACT: @@ -1051,8 +1232,9 @@
 Hunk 40: EXACT: @@ -1064,17 +1246,27 @@
 Hunk 41: EXACT: @@ -1083,25 +1275,34 @@
 Hunk 42: EXACT: @@ -1113,8 +1314,7 @@
 Hunk 43: EXACT: @@ -1125,16 +1325,12 @@
 Hunk 44: EXACT: @@ -1153,47 +1349,65 @@
 Hunk 45: EXACT: @@ -1204,7 +1418,11 @@
 Hunk 46: EXACT: @@ -1215,11 +1433,13 @@
 Hunk 47: EXACT: @@ -1246,7 +1466,7 @@
 Hunk 48: EXACT: @@ -1262,31 +1482,40 @@
 Hunk 49: EXACT: @@ -1304,34 +1533,36 @@
 Hunk 50: EXACT: @@ -1339,53 +1570,66 @@
 Hunk 51: EXACT: @@ -1394,9 +1638,10 @@
 Hunk 52: EXACT: @@ -1422,20 +1667,25 @@
Patching: net/minecraft/world/entity/NeutralMob.java
 Hunk 0: EXACT: @@ -10,6 +10,7 @@
 Hunk 1: EXACT: @@ -36,37 +37,29 @@
 Hunk 2: EXACT: @@ -77,11 +70,7 @@
 Hunk 3: EXACT: @@ -106,9 +95,9 @@
 Hunk 4: EXACT: @@ -121,8 +110,32 @@
Patching: net/minecraft/world/entity/PathfinderMob.java
 Hunk 0: EXACT: @@ -6,14 +6,21 @@
 Hunk 1: EXACT: @@ -35,31 +42,43 @@
 Hunk 2: EXACT: @@ -73,6 +92,5 @@
Patching: net/minecraft/world/entity/TamableAnimal.java
 Hunk 0: EXACT: @@ -208,7 +208,12 @@
Patching: net/minecraft/world/entity/ai/attributes/AttributeMap.java
 Hunk 0: EXACT: @@ -132,4 +132,12 @@
Patching: net/minecraft/world/entity/ai/attributes/Attributes.java
 Hunk 0: EXACT: @@ -1,23 +1,27 @@
Patching: net/minecraft/world/entity/ai/behavior/AcquirePoi.java
 Hunk 0: EXACT: @@ -87,7 +87,11 @@
Patching: net/minecraft/world/entity/ai/behavior/AssignProfessionFromJobSite.java
 Hunk 0: EXACT: @@ -12,33 +12,48 @@
Patching: net/minecraft/world/entity/ai/behavior/Behavior.java
 Hunk 0: EXACT: @@ -13,6 +13,10 @@
 Hunk 1: EXACT: @@ -26,6 +30,15 @@
 Hunk 2: EXACT: @@ -33,11 +46,19 @@
 Hunk 3: EXACT: @@ -48,11 +69,13 @@
Patching: net/minecraft/world/entity/ai/behavior/BehaviorUtils.java
 Hunk 0: EXACT: @@ -1,6 +1,7 @@
 Hunk 1: EXACT: @@ -28,89 +29,110 @@
 Hunk 2: EXACT: @@ -119,64 +141,73 @@
Patching: net/minecraft/world/entity/ai/behavior/GateBehavior.java
 Hunk 0: EXACT: @@ -16,7 +16,7 @@
 Hunk 1: EXACT: @@ -30,11 +30,19 @@
 Hunk 2: EXACT: @@ -45,25 +53,35 @@
 Hunk 3: EXACT: @@ -94,25 +112,33 @@
Patching: net/minecraft/world/entity/ai/behavior/HarvestFarmland.java
 Hunk 0: EXACT: @@ -26,6 +26,7 @@
 Hunk 1: EXACT: @@ -38,22 +39,22 @@
 Hunk 2: EXACT: @@ -66,92 +67,101 @@
 Hunk 3: EXACT: @@ -160,8 +170,7 @@
Patching: net/minecraft/world/entity/ai/behavior/InteractWithDoor.java
 Hunk 0: EXACT: @@ -3,7 +3,9 @@
 Hunk 1: EXACT: @@ -19,6 +21,7 @@
 Hunk 2: EXACT: @@ -32,9 +35,10 @@
 Hunk 3: EXACT: @@ -51,63 +55,86 @@
 Hunk 4: EXACT: @@ -119,13 +146,14 @@
 Hunk 5: EXACT: @@ -133,16 +161,19 @@
 Hunk 6: EXACT: @@ -153,12 +184,13 @@
Patching: net/minecraft/world/entity/ai/behavior/PrepareRamNearestTarget.java
 Hunk 0: EXACT: @@ -3,16 +3,21 @@
 Hunk 1: EXACT: @@ -25,8 +30,13 @@
 Hunk 2: EXACT: @@ -49,54 +59,61 @@
 Hunk 3: EXACT: @@ -106,39 +123,55 @@
 Hunk 4: EXACT: @@ -149,12 +182,13 @@
Patching: net/minecraft/world/entity/ai/behavior/RamTarget.java
 Hunk 0: EXACT: @@ -78,7 +78,7 @@
Patching: net/minecraft/world/entity/ai/behavior/ResetProfession.java
 Hunk 0: EXACT: @@ -8,20 +8,33 @@
Patching: net/minecraft/world/entity/ai/behavior/ShufflingList.java
 Hunk 0: EXACT: @@ -12,14 +12,27 @@
 Hunk 1: EXACT: @@ -35,11 +48,12 @@
Patching: net/minecraft/world/entity/ai/behavior/SleepInBed.java
 Hunk 0: EXACT: @@ -41,7 +41,8 @@
Patching: net/minecraft/world/entity/ai/behavior/StartAttacking.java
 Hunk 0: EXACT: @@ -5,12 +5,18 @@
 Hunk 1: EXACT: @@ -25,30 +31,37 @@
Patching: net/minecraft/world/entity/ai/behavior/StopAttackingIfTargetInvalid.java
 Hunk 0: EXACT: @@ -10,7 +10,14 @@
 Hunk 1: EXACT: @@ -28,36 +35,36 @@
 Hunk 2: EXACT: @@ -66,20 +73,36 @@
Patching: net/minecraft/world/entity/ai/behavior/VillagerMakeLove.java
 Hunk 0: EXACT: @@ -8,6 +8,7 @@
 Hunk 1: EXACT: @@ -18,6 +19,7 @@
 Hunk 2: EXACT: @@ -26,38 +28,37 @@
 Hunk 3: EXACT: @@ -65,68 +66,74 @@
Patching: net/minecraft/world/entity/ai/behavior/WorkAtComposter.java
 Hunk 0: EXACT: @@ -17,50 +17,59 @@
 Hunk 1: EXACT: @@ -68,7 +77,7 @@
 Hunk 2: EXACT: @@ -76,18 +85,24 @@
Patching: net/minecraft/world/entity/ai/goal/BreakDoorGoal.java
 Hunk 0: EXACT: @@ -7,14 +7,17 @@
 Hunk 1: EXACT: @@ -29,13 +32,7 @@
 Hunk 2: EXACT: @@ -66,13 +63,20 @@
Patching: net/minecraft/world/entity/ai/goal/EatBlockGoal.java
 Hunk 0: EXACT: @@ -11,7 +11,12 @@
 Hunk 1: EXACT: @@ -29,19 +34,16 @@
 Hunk 2: EXACT: @@ -63,19 +65,23 @@
Patching: net/minecraft/world/entity/ai/goal/FloatGoal.java
 Hunk 0: EXACT: @@ -9,6 +9,7 @@
Patching: net/minecraft/world/entity/ai/goal/FollowOwnerGoal.java
 Hunk 0: EXACT: @@ -2,6 +2,7 @@
 Hunk 1: EXACT: @@ -12,8 +13,14 @@
 Hunk 2: EXACT: @@ -45,30 +52,25 @@
 Hunk 3: EXACT: @@ -87,14 +89,14 @@
 Hunk 4: EXACT: @@ -102,14 +104,15 @@
 Hunk 5: EXACT: @@ -117,28 +120,42 @@
Patching: net/minecraft/world/entity/ai/goal/Goal.java
 Hunk 0: EXACT: @@ -4,7 +4,16 @@
 Hunk 1: EXACT: @@ -30,8 +39,14 @@
 Hunk 2: EXACT: @@ -39,8 +54,10 @@
 Hunk 3: EXACT: @@ -51,7 +68,19 @@
Patching: net/minecraft/world/entity/ai/goal/GoalSelector.java
 Hunk 0: EXACT: @@ -29,9 +29,12 @@
 Hunk 1: EXACT: @@ -46,27 +49,47 @@
 Hunk 2: EXACT: @@ -80,7 +103,7 @@
 Hunk 3: EXACT: @@ -98,8 +121,14 @@
 Hunk 4: EXACT: @@ -139,11 +168,11 @@
Patching: net/minecraft/world/entity/ai/goal/MoveToBlockGoal.java
 Hunk 0: EXACT: @@ -14,7 +14,7 @@
 Hunk 1: EXACT: @@ -23,6 +23,13 @@
 Hunk 2: EXACT: @@ -114,6 +121,7 @@
Patching: net/minecraft/world/entity/ai/goal/PanicGoal.java
 Hunk 0: EXACT: @@ -5,12 +5,14 @@
 Hunk 1: EXACT: @@ -31,11 +33,12 @@
 Hunk 2: EXACT: @@ -49,13 +52,14 @@
 Hunk 3: EXACT: @@ -77,14 +81,21 @@
Patching: net/minecraft/world/entity/ai/goal/RemoveBlockGoal.java
 Hunk 0: EXACT: @@ -20,8 +20,13 @@
 Hunk 1: EXACT: @@ -65,48 +70,59 @@
 Hunk 2: EXACT: @@ -117,14 +133,21 @@
 Hunk 3: EXACT: @@ -134,11 +157,8 @@
Patching: net/minecraft/world/entity/ai/goal/RunAroundLikeCrazyGoal.java
 Hunk 0: EXACT: @@ -8,6 +8,7 @@
 Hunk 1: EXACT: @@ -23,13 +24,14 @@
 Hunk 2: EXACT: @@ -50,7 +52,8 @@
 Hunk 3: EXACT: @@ -58,8 +61,10 @@
 Hunk 4: EXACT: @@ -68,7 +73,7 @@
Patching: net/minecraft/world/entity/ai/goal/SitWhenOrderedToGoal.java
 Hunk 0: EXACT: @@ -1,10 +1,12 @@
 Hunk 1: EXACT: @@ -20,18 +22,15 @@
Patching: net/minecraft/world/entity/ai/goal/TemptGoal.java
 Hunk 0: EXACT: @@ -2,13 +2,20 @@
 Hunk 1: EXACT: @@ -19,7 +26,7 @@
 Hunk 2: EXACT: @@ -31,7 +38,7 @@
 Hunk 3: EXACT: @@ -41,6 +48,15 @@
 Hunk 4: EXACT: @@ -52,12 +68,12 @@
 Hunk 5: EXACT: @@ -66,8 +82,8 @@
 Hunk 6: EXACT: @@ -95,11 +111,11 @@
Patching: net/minecraft/world/entity/ai/goal/WrappedGoal.java
 Hunk 0: EXACT: @@ -69,8 +69,10 @@
Patching: net/minecraft/world/entity/ai/goal/target/DefendVillageTargetGoal.java
 Hunk 0: EXACT: @@ -1,6 +1,7 @@
 Hunk 1: EXACT: @@ -12,6 +13,7 @@
 Hunk 2: EXACT: @@ -25,31 +27,38 @@
Patching: net/minecraft/world/entity/ai/goal/target/HurtByTargetGoal.java
 Hunk 0: EXACT: @@ -4,6 +4,7 @@
 Hunk 1: EXACT: @@ -16,6 +17,7 @@
 Hunk 2: EXACT: @@ -33,18 +35,24 @@
 Hunk 3: EXACT: @@ -59,7 +67,7 @@
 Hunk 4: EXACT: @@ -71,44 +79,41 @@
Patching: net/minecraft/world/entity/ai/goal/target/NearestAttackableTargetGoal.java
 Hunk 0: EXACT: @@ -12,6 +12,7 @@
 Hunk 1: EXACT: @@ -20,7 +21,7 @@
 Hunk 2: EXACT: @@ -28,7 +29,7 @@
 Hunk 3: EXACT: @@ -37,6 +38,7 @@
 Hunk 4: EXACT: @@ -55,7 +57,7 @@
 Hunk 5: EXACT: @@ -66,7 +68,7 @@
Patching: net/minecraft/world/entity/ai/goal/target/OwnerHurtByTargetGoal.java
 Hunk 0: EXACT: @@ -7,6 +7,7 @@
 Hunk 1: EXACT: @@ -20,13 +21,15 @@
 Hunk 2: EXACT: @@ -35,10 +38,11 @@
Patching: net/minecraft/world/entity/ai/goal/target/OwnerHurtTargetGoal.java
 Hunk 0: EXACT: @@ -7,6 +7,7 @@
 Hunk 1: EXACT: @@ -20,13 +21,15 @@
 Hunk 2: EXACT: @@ -35,10 +38,11 @@
Patching: net/minecraft/world/entity/ai/goal/target/TargetGoal.java
 Hunk 0: EXACT: @@ -1,6 +1,7 @@
 Hunk 1: EXACT: @@ -9,8 +10,10 @@
 Hunk 2: EXACT: @@ -22,13 +25,14 @@
 Hunk 3: EXACT: @@ -36,34 +40,37 @@
 Hunk 4: EXACT: @@ -83,7 +90,7 @@
 Hunk 5: EXACT: @@ -115,17 +122,20 @@
Patching: net/minecraft/world/entity/ai/gossip/GossipContainer.java
 Hunk 0: EXACT: @@ -27,7 +27,7 @@
 Hunk 1: EXACT: @@ -58,8 +58,21 @@
 Hunk 2: EXACT: @@ -153,7 +166,7 @@
 Hunk 3: EXACT: @@ -179,11 +192,23 @@
 Hunk 4: EXACT: @@ -226,6 +251,28 @@
Patching: net/minecraft/world/entity/ai/navigation/FlyingPathNavigation.java
 Hunk 0: EXACT: @@ -35,7 +35,7 @@
Patching: net/minecraft/world/entity/ai/navigation/GroundPathNavigation.java
 Hunk 0: EXACT: @@ -69,7 +69,7 @@
Patching: net/minecraft/world/entity/ai/navigation/PathNavigation.java
 Hunk 0: EXACT: @@ -10,6 +10,7 @@
 Hunk 1: EXACT: @@ -28,7 +29,7 @@
 Hunk 2: EXACT: @@ -41,7 +42,7 @@
 Hunk 3: EXACT: @@ -108,7 +109,13 @@
 Hunk 4: EXACT: @@ -118,7 +125,7 @@
 Hunk 5: EXACT: @@ -128,6 +135,16 @@
 Hunk 6: EXACT: @@ -137,6 +154,23 @@
 Hunk 7: EXACT: @@ -157,9 +191,29 @@
 Hunk 8: EXACT: @@ -366,7 +420,7 @@
 Hunk 9: EXACT: @@ -382,4 +436,11 @@
Patching: net/minecraft/world/entity/ai/sensing/NearestBedSensor.java
 Hunk 0: EXACT: @@ -53,10 +53,12 @@
Patching: net/minecraft/world/entity/ai/sensing/NearestItemSensor.java
 Hunk 0: EXACT: @@ -25,14 +25,21 @@
Patching: net/minecraft/world/entity/ai/sensing/PlayerSensor.java
 Hunk 0: EXACT: @@ -21,18 +21,30 @@
Patching: net/minecraft/world/entity/ai/sensing/Sensor.java
 Hunk 0: EXACT: @@ -19,8 +19,21 @@
 Hunk 1: EXACT: @@ -31,8 +44,12 @@
Patching: net/minecraft/world/entity/ai/targeting/TargetingConditions.java
 Hunk 0: EXACT: @@ -76,7 +76,7 @@
 Hunk 1: EXACT: @@ -94,4 +94,18 @@
Patching: net/minecraft/world/entity/ai/village/VillageSiege.java
 Hunk 0: EXACT: @@ -1,6 +1,7 @@
 Hunk 1: EXACT: @@ -19,20 +20,26 @@
 Hunk 2: EXACT: @@ -70,15 +77,21 @@
 Hunk 3: EXACT: @@ -95,40 +108,45 @@
Patching: net/minecraft/world/entity/ai/village/poi/PoiManager.java
 Hunk 0: EXACT: @@ -1,5 +1,6 @@
 Hunk 1: EXACT: @@ -38,13 +39,144 @@
 Hunk 2: EXACT: @@ -111,43 +243,62 @@
 Hunk 3: EXACT: @@ -180,8 +331,8 @@
 Hunk 4: EXACT: @@ -195,19 +346,35 @@
 Hunk 5: EXACT: @@ -265,7 +432,7 @@
 Hunk 6: EXACT: @@ -288,6 +455,35 @@
Patching: net/minecraft/world/entity/ai/village/poi/PoiSection.java
 Hunk 0: EXACT: @@ -26,12 +26,12 @@
Patching: net/minecraft/world/entity/ambient/Bat.java
 Hunk 0: EXACT: @@ -27,8 +27,10 @@
 Hunk 1: EXACT: @@ -44,13 +46,13 @@
 Hunk 2: EXACT: @@ -80,32 +82,31 @@
 Hunk 3: EXACT: @@ -115,7 +116,7 @@
 Hunk 4: EXACT: @@ -125,26 +126,36 @@
 Hunk 5: EXACT: @@ -152,21 +163,27 @@
 Hunk 6: EXACT: @@ -183,8 +200,7 @@
 Hunk 7: EXACT: @@ -197,7 +213,11 @@
 Hunk 8: EXACT: @@ -207,13 +227,13 @@
 Hunk 9: EXACT: @@ -221,21 +241,23 @@
Patching: net/minecraft/world/entity/animal/Animal.java
 Hunk 0: EXACT: @@ -28,12 +28,17 @@
 Hunk 1: EXACT: @@ -60,24 +65,29 @@
 Hunk 2: EXACT: @@ -107,7 +117,7 @@
 Hunk 3: EXACT: @@ -135,17 +145,19 @@
 Hunk 4: EXACT: @@ -170,12 +182,19 @@
 Hunk 5: EXACT: @@ -191,8 +210,9 @@
 Hunk 6: EXACT: @@ -205,38 +225,46 @@
 Hunk 7: EXACT: @@ -245,11 +273,12 @@
Patching: net/minecraft/world/entity/animal/Bee.java
 Hunk 0: EXACT: @@ -3,7 +3,9 @@
 Hunk 1: EXACT: @@ -90,6 +92,7 @@
 Hunk 2: EXACT: @@ -127,7 +130,7 @@
 Hunk 3: EXACT: @@ -139,7 +142,23 @@
 Hunk 4: EXACT: @@ -151,8 +170,8 @@
 Hunk 5: EXACT: @@ -162,7 +181,7 @@
 Hunk 6: EXACT: @@ -224,20 +243,22 @@
 Hunk 7: EXACT: @@ -246,15 +267,15 @@
 Hunk 8: EXACT: @@ -266,28 +287,31 @@
 Hunk 9: EXACT: @@ -320,8 +344,9 @@
 Hunk 10: EXACT: @@ -347,7 +372,8 @@
 Hunk 11: EXACT: @@ -358,9 +384,9 @@
 Hunk 12: EXACT: @@ -370,7 +396,7 @@
 Hunk 13: EXACT: @@ -383,19 +409,21 @@
 Hunk 14: EXACT: @@ -411,16 +439,14 @@
 Hunk 15: EXACT: @@ -473,8 +499,9 @@
 Hunk 16: EXACT: @@ -486,8 +513,10 @@
 Hunk 17: EXACT: @@ -511,11 +540,13 @@
 Hunk 18: EXACT: @@ -525,24 +556,24 @@
 Hunk 19: EXACT: @@ -555,10 +586,11 @@
 Hunk 20: EXACT: @@ -571,8 +603,7 @@
 Hunk 21: EXACT: @@ -595,8 +626,8 @@
 Hunk 22: EXACT: @@ -610,12 +641,11 @@
 Hunk 23: EXACT: @@ -633,11 +663,15 @@
 Hunk 24: EXACT: @@ -653,80 +687,251 @@
 Hunk 25: EXACT: @@ -744,26 +949,87 @@
 Hunk 26: EXACT: @@ -806,8 +1072,9 @@
 Hunk 27: EXACT: @@ -826,7 +1093,7 @@
 Hunk 28: EXACT: @@ -837,7 +1104,7 @@
 Hunk 29: EXACT: @@ -864,17 +1131,21 @@
 Hunk 30: EXACT: @@ -922,18 +1193,17 @@
 Hunk 31: EXACT: @@ -944,38 +1214,44 @@
 Hunk 32: EXACT: @@ -985,312 +1261,120 @@
Patching: net/minecraft/world/entity/animal/Bucketable.java
 Hunk 0: EXACT: @@ -3,6 +3,8 @@
 Hunk 1: EXACT: @@ -14,8 +16,13 @@
 Hunk 2: EXACT: @@ -31,32 +38,33 @@
 Hunk 3: EXACT: @@ -89,20 +97,36 @@
Patching: net/minecraft/world/entity/animal/Cat.java
 Hunk 0: EXACT: @@ -1,5 +1,8 @@
 Hunk 1: EXACT: @@ -69,6 +72,7 @@
 Hunk 2: EXACT: @@ -97,7 +101,7 @@
 Hunk 3: EXACT: @@ -110,64 +114,65 @@
 Hunk 4: EXACT: @@ -179,11 +184,12 @@
 Hunk 5: EXACT: @@ -200,15 +206,7 @@
 Hunk 6: EXACT: @@ -231,7 +229,7 @@
 Hunk 7: EXACT: @@ -249,7 +247,7 @@
 Hunk 8: EXACT: @@ -312,27 +310,28 @@
 Hunk 9: EXACT: @@ -342,8 +341,9 @@
 Hunk 10: EXACT: @@ -351,15 +351,17 @@
 Hunk 11: EXACT: @@ -369,69 +371,76 @@
 Hunk 12: EXACT: @@ -462,26 +471,41 @@
 Hunk 13: EXACT: @@ -500,24 +524,26 @@
 Hunk 14: EXACT: @@ -528,13 +554,22 @@
 Hunk 15: EXACT: @@ -546,7 +581,7 @@
 Hunk 16: EXACT: @@ -555,7 +590,8 @@
 Hunk 17: EXACT: @@ -565,16 +601,29 @@
 Hunk 18: EXACT: @@ -583,8 +632,8 @@
 Hunk 19: EXACT: @@ -601,35 +650,26 @@
Patching: net/minecraft/world/entity/animal/Chicken.java
 Hunk 0: EXACT: @@ -28,6 +28,7 @@
 Hunk 1: EXACT: @@ -35,6 +36,7 @@
 Hunk 2: EXACT: @@ -42,11 +44,12 @@
 Hunk 3: EXACT: @@ -55,7 +58,7 @@
 Hunk 4: EXACT: @@ -83,15 +86,18 @@
 Hunk 5: EXACT: @@ -134,13 +140,13 @@
 Hunk 6: EXACT: @@ -173,13 +179,14 @@
Patching: net/minecraft/world/entity/animal/Cow.java
 Hunk 0: EXACT: @@ -29,8 +29,13 @@
 Hunk 1: EXACT: @@ -48,7 +53,7 @@
 Hunk 2: EXACT: @@ -78,11 +83,21 @@
 Hunk 3: EXACT: @@ -90,8 +105,8 @@
Patching: net/minecraft/world/entity/animal/Dolphin.java
 Hunk 0: EXACT: @@ -62,14 +62,21 @@
 Hunk 1: EXACT: @@ -93,39 +100,38 @@
 Hunk 2: EXACT: @@ -143,6 +149,7 @@
 Hunk 3: EXACT: @@ -159,15 +166,15 @@
 Hunk 4: EXACT: @@ -177,18 +184,19 @@
 Hunk 5: EXACT: @@ -218,23 +226,27 @@
 Hunk 6: EXACT: @@ -256,7 +268,7 @@
 Hunk 7: EXACT: @@ -264,14 +276,14 @@
 Hunk 8: EXACT: @@ -289,26 +301,28 @@
 Hunk 9: EXACT: @@ -345,8 +359,9 @@
 Hunk 10: EXACT: @@ -369,7 +384,8 @@
 Hunk 11: EXACT: @@ -385,26 +401,29 @@
 Hunk 12: EXACT: @@ -413,8 +432,9 @@
 Hunk 13: EXACT: @@ -422,37 +442,41 @@
 Hunk 14: EXACT: @@ -467,21 +491,17 @@
 Hunk 15: EXACT: @@ -492,29 +512,33 @@
 Hunk 16: EXACT: @@ -522,8 +546,9 @@
 Hunk 17: EXACT: @@ -532,9 +557,10 @@
 Hunk 18: EXACT: @@ -544,27 +570,30 @@
Patching: net/minecraft/world/entity/animal/Fox.java
 Hunk 0: EXACT: @@ -4,6 +4,7 @@
 Hunk 1: EXACT: @@ -90,6 +91,7 @@
 Hunk 2: EXACT: @@ -101,14 +103,16 @@
 Hunk 3: EXACT: @@ -139,50 +143,50 @@
 Hunk 4: EXACT: @@ -195,23 +199,26 @@
 Hunk 5: EXACT: @@ -243,22 +250,23 @@
 Hunk 6: EXACT: @@ -266,11 +274,13 @@
 Hunk 7: EXACT: @@ -280,14 +290,15 @@
 Hunk 8: EXACT: @@ -298,19 +309,22 @@
 Hunk 9: EXACT: @@ -319,7 +333,7 @@
 Hunk 10: EXACT: @@ -350,25 +364,26 @@
 Hunk 11: EXACT: @@ -377,15 +392,18 @@
 Hunk 12: EXACT: @@ -395,10 +413,10 @@
 Hunk 13: EXACT: @@ -446,63 +464,66 @@
 Hunk 14: EXACT: @@ -513,19 +534,21 @@
 Hunk 15: EXACT: @@ -555,7 +578,7 @@
 Hunk 16: EXACT: @@ -592,7 +615,7 @@
 Hunk 17: EXACT: @@ -632,9 +655,10 @@
 Hunk 18: EXACT: @@ -649,6 +673,7 @@
 Hunk 19: EXACT: @@ -675,28 +700,39 @@
 Hunk 20: EXACT: @@ -707,58 +743,64 @@
 Hunk 21: EXACT: @@ -791,414 +833,511 @@
 Hunk 22: EXACT: @@ -1214,6 +1353,7 @@
 Hunk 23: EXACT: @@ -1224,9 +1364,10 @@
 Hunk 24: EXACT: @@ -1234,46 +1375,40 @@
 Hunk 25: EXACT: @@ -1308,167 +1443,90 @@
 Hunk 26: EXACT: @@ -1480,19 +1538,55 @@
Patching: net/minecraft/world/entity/animal/IronGolem.java
 Hunk 0: EXACT: @@ -2,6 +2,7 @@
 Hunk 1: EXACT: @@ -53,6 +54,7 @@
 Hunk 2: EXACT: @@ -77,10 +79,10 @@
 Hunk 3: EXACT: @@ -88,7 +90,7 @@
 Hunk 4: EXACT: @@ -103,7 +105,7 @@
 Hunk 5: EXACT: @@ -120,29 +122,26 @@
 Hunk 6: EXACT: @@ -161,7 +160,7 @@
 Hunk 7: EXACT: @@ -186,44 +185,49 @@
 Hunk 8: EXACT: @@ -252,10 +256,10 @@
 Hunk 9: EXACT: @@ -272,19 +276,22 @@
 Hunk 10: EXACT: @@ -302,15 +309,16 @@
 Hunk 11: EXACT: @@ -322,52 +330,58 @@
Patching: net/minecraft/world/entity/animal/MushroomCow.java
 Hunk 0: EXACT: @@ -20,6 +20,7 @@
 Hunk 1: EXACT: @@ -42,7 +43,15 @@
 Hunk 2: EXACT: @@ -66,10 +75,11 @@
 Hunk 3: EXACT: @@ -78,68 +88,79 @@
 Hunk 4: EXACT: @@ -151,28 +172,44 @@
 Hunk 5: EXACT: @@ -210,11 +247,14 @@
 Hunk 6: EXACT: @@ -222,43 +262,45 @@
 Hunk 7: EXACT: @@ -266,13 +308,18 @@
Patching: net/minecraft/world/entity/animal/Ocelot.java
 Hunk 0: EXACT: @@ -1,9 +1,11 @@
 Hunk 1: EXACT: @@ -50,6 +52,7 @@
 Hunk 2: EXACT: @@ -66,11 +69,11 @@
 Hunk 3: EXACT: @@ -89,12 +92,12 @@
 Hunk 4: EXACT: @@ -109,11 +112,12 @@
 Hunk 5: EXACT: @@ -129,11 +133,11 @@
 Hunk 6: EXACT: @@ -163,7 +167,7 @@
 Hunk 7: EXACT: @@ -173,17 +177,19 @@
 Hunk 8: EXACT: @@ -206,16 +212,18 @@
 Hunk 9: EXACT: @@ -233,13 +241,13 @@
 Hunk 10: EXACT: @@ -249,13 +257,15 @@
 Hunk 11: EXACT: @@ -270,12 +280,12 @@
 Hunk 12: EXACT: @@ -283,36 +293,41 @@
Patching: net/minecraft/world/entity/animal/Panda.java
 Hunk 0: EXACT: @@ -3,7 +3,9 @@
 Hunk 1: EXACT: @@ -54,14 +56,17 @@
 Hunk 2: EXACT: @@ -87,9 +92,10 @@
 Hunk 3: EXACT: @@ -103,20 +109,17 @@
 Hunk 4: EXACT: @@ -140,19 +143,19 @@
 Hunk 5: EXACT: @@ -164,15 +167,15 @@
 Hunk 6: EXACT: @@ -180,11 +183,11 @@
 Hunk 7: EXACT: @@ -192,7 +195,7 @@
 Hunk 8: EXACT: @@ -206,24 +209,25 @@
 Hunk 9: EXACT: @@ -245,13 +249,14 @@
 Hunk 10: EXACT: @@ -259,7 +264,7 @@
 Hunk 11: EXACT: @@ -272,11 +277,11 @@
 Hunk 12: EXACT: @@ -335,15 +340,16 @@
 Hunk 13: EXACT: @@ -413,17 +419,19 @@
 Hunk 14: EXACT: @@ -477,16 +485,18 @@
 Hunk 15: EXACT: @@ -494,30 +504,40 @@
 Hunk 16: EXACT: @@ -535,15 +555,16 @@
 Hunk 17: EXACT: @@ -583,7 +604,7 @@
 Hunk 18: EXACT: @@ -599,22 +620,23 @@
 Hunk 19: EXACT: @@ -623,13 +645,14 @@
 Hunk 20: EXACT: @@ -641,11 +664,7 @@
 Hunk 21: EXACT: @@ -678,16 +697,28 @@
 Hunk 22: EXACT: @@ -695,10 +726,10 @@
 Hunk 23: EXACT: @@ -714,78 +745,66 @@
 Hunk 24: EXACT: @@ -802,8 +821,9 @@
 Hunk 25: EXACT: @@ -817,15 +837,15 @@
 Hunk 26: EXACT: @@ -837,34 +857,102 @@
 Hunk 27: EXACT: @@ -879,11 +967,7 @@
 Hunk 28: EXACT: @@ -899,7 +983,32 @@
 Hunk 29: EXACT: @@ -925,7 +1034,7 @@
 Hunk 30: EXACT: @@ -944,47 +1053,8 @@
 Hunk 31: EXACT: @@ -998,18 +1068,13 @@
 Hunk 32: EXACT: @@ -1032,94 +1097,31 @@
Patching: net/minecraft/world/entity/animal/Parrot.java
 Hunk 0: EXACT: @@ -3,6 +3,7 @@
 Hunk 1: EXACT: @@ -66,51 +67,51 @@
 Hunk 2: EXACT: @@ -138,7 +139,7 @@
 Hunk 3: EXACT: @@ -159,16 +160,17 @@
 Hunk 4: EXACT: @@ -184,7 +186,7 @@
 Hunk 5: EXACT: @@ -204,16 +206,17 @@
 Hunk 6: EXACT: @@ -221,12 +224,15 @@
 Hunk 7: EXACT: @@ -239,32 +245,33 @@
 Hunk 8: EXACT: @@ -296,8 +303,7 @@
 Hunk 9: EXACT: @@ -318,20 +324,21 @@
 Hunk 10: EXACT: @@ -362,11 +369,11 @@
 Hunk 11: EXACT: @@ -375,8 +382,8 @@
 Hunk 12: EXACT: @@ -392,7 +399,7 @@
 Hunk 13: EXACT: @@ -400,17 +407,17 @@
 Hunk 14: EXACT: @@ -432,10 +439,11 @@
 Hunk 15: EXACT: @@ -443,30 +451,36 @@
Patching: net/minecraft/world/entity/animal/Pig.java
 Hunk 0: EXACT: @@ -1,5 +1,6 @@
 Hunk 1: EXACT: @@ -42,19 +43,25 @@
 Hunk 2: EXACT: @@ -63,7 +70,7 @@
 Hunk 3: EXACT: @@ -78,12 +85,15 @@
 Hunk 4: EXACT: @@ -91,7 +101,7 @@
 Hunk 5: EXACT: @@ -101,8 +111,8 @@
 Hunk 6: EXACT: @@ -139,20 +149,23 @@
 Hunk 7: EXACT: @@ -166,7 +179,7 @@
 Hunk 8: EXACT: @@ -180,32 +193,41 @@
 Hunk 9: EXACT: @@ -218,18 +240,25 @@
 Hunk 10: EXACT: @@ -244,7 +273,7 @@
 Hunk 11: EXACT: @@ -258,17 +287,17 @@
Patching: net/minecraft/world/entity/animal/Pufferfish.java
 Hunk 0: EXACT: @@ -1,5 +1,6 @@
 Hunk 1: EXACT: @@ -27,17 +28,14 @@
 Hunk 2: EXACT: @@ -50,20 +48,20 @@
 Hunk 3: EXACT: @@ -97,25 +95,39 @@
 Hunk 4: EXACT: @@ -126,11 +138,16 @@
 Hunk 5: EXACT: @@ -139,8 +156,9 @@
 Hunk 6: EXACT: @@ -149,12 +167,13 @@
 Hunk 7: EXACT: @@ -181,7 +200,7 @@
 Hunk 8: EXACT: @@ -195,7 +214,8 @@
 Hunk 9: EXACT: @@ -204,9 +224,10 @@
Patching: net/minecraft/world/entity/animal/Rabbit.java
 Hunk 0: EXACT: @@ -62,6 +62,7 @@
 Hunk 1: EXACT: @@ -89,8 +90,14 @@
 Hunk 2: EXACT: @@ -109,11 +116,13 @@
 Hunk 3: EXACT: @@ -127,22 +136,24 @@
 Hunk 4: EXACT: @@ -168,7 +179,7 @@
 Hunk 5: EXACT: @@ -191,28 +202,31 @@
 Hunk 6: EXACT: @@ -226,15 +240,15 @@
 Hunk 7: EXACT: @@ -265,7 +279,7 @@
 Hunk 8: EXACT: @@ -321,69 +335,66 @@
 Hunk 9: EXACT: @@ -408,44 +419,11 @@
 Hunk 10: EXACT: @@ -476,7 +454,8 @@
 Hunk 11: EXACT: @@ -487,7 +466,7 @@
 Hunk 12: EXACT: @@ -510,7 +489,8 @@
 Hunk 13: EXACT: @@ -525,13 +505,29 @@
 Hunk 14: EXACT: @@ -558,20 +554,36 @@
 Hunk 15: EXACT: @@ -585,10 +597,11 @@
 Hunk 16: EXACT: @@ -597,4 +610,26 @@
Patching: net/minecraft/world/entity/animal/Sheep.java
 Hunk 0: EXACT: @@ -3,6 +3,8 @@
 Hunk 1: EXACT: @@ -23,6 +25,7 @@
 Hunk 2: EXACT: @@ -46,8 +49,7 @@
 Hunk 3: EXACT: @@ -59,30 +61,38 @@
 Hunk 4: EXACT: @@ -91,14 +101,15 @@
 Hunk 5: EXACT: @@ -135,13 +146,13 @@
 Hunk 6: EXACT: @@ -198,33 +209,34 @@
 Hunk 7: EXACT: @@ -237,14 +249,17 @@
 Hunk 8: EXACT: @@ -259,7 +274,7 @@
 Hunk 9: EXACT: @@ -290,53 +305,53 @@
 Hunk 10: EXACT: @@ -348,23 +363,28 @@
 Hunk 11: EXACT: @@ -374,10 +394,19 @@
Patching: net/minecraft/world/entity/animal/SnowGolem.java
 Hunk 0: EXACT: @@ -13,6 +13,7 @@
 Hunk 1: EXACT: @@ -39,8 +40,12 @@
 Hunk 2: EXACT: @@ -55,19 +60,19 @@
 Hunk 3: EXACT: @@ -97,26 +102,32 @@
 Hunk 4: EXACT: @@ -125,15 +136,16 @@
 Hunk 5: EXACT: @@ -143,13 +155,19 @@
 Hunk 6: EXACT: @@ -161,10 +179,12 @@
 Hunk 7: EXACT: @@ -175,15 +195,16 @@
 Hunk 8: EXACT: @@ -208,6 +229,6 @@
Patching: net/minecraft/world/entity/animal/Squid.java
 Hunk 0: EXACT: @@ -1,3 +1,4 @@
 Hunk 1: EXACT: @@ -27,6 +28,7 @@
 Hunk 2: EXACT: @@ -44,7 +46,7 @@
 Hunk 3: EXACT: @@ -105,24 +107,25 @@
 Hunk 4: EXACT: @@ -135,26 +138,28 @@
 Hunk 5: EXACT: @@ -176,18 +181,21 @@
 Hunk 6: EXACT: @@ -221,20 +229,51 @@
 Hunk 7: EXACT: @@ -250,30 +289,34 @@
 Hunk 8: EXACT: @@ -283,32 +326,4 @@
Patching: net/minecraft/world/entity/animal/Turtle.java
 Hunk 0: EXACT: @@ -59,6 +59,7 @@
 Hunk 1: EXACT: @@ -67,8 +68,8 @@
 Hunk 2: EXACT: @@ -82,63 +83,63 @@
 Hunk 3: EXACT: @@ -158,13 +159,15 @@
 Hunk 4: EXACT: @@ -184,7 +187,7 @@
 Hunk 5: EXACT: @@ -246,8 +249,9 @@
 Hunk 6: EXACT: @@ -273,7 +277,7 @@
 Hunk 7: EXACT: @@ -283,20 +287,17 @@
 Hunk 8: EXACT: @@ -306,7 +307,9 @@
 Hunk 9: EXACT: @@ -333,10 +336,87 @@
 Hunk 10: EXACT: @@ -351,100 +431,88 @@
 Hunk 11: EXACT: @@ -461,11 +529,7 @@
 Hunk 12: EXACT: @@ -479,154 +543,75 @@
 Hunk 13: EXACT: @@ -643,18 +628,20 @@
 Hunk 14: EXACT: @@ -662,27 +649,29 @@
 Hunk 15: EXACT: @@ -698,4 +687,41 @@
Patching: net/minecraft/world/entity/animal/WaterAnimal.java
 Hunk 0: EXACT: @@ -79,6 +79,10 @@
Patching: net/minecraft/world/entity/animal/Wolf.java
 Hunk 0: EXACT: @@ -68,14 +68,20 @@
 Hunk 1: EXACT: @@ -112,24 +118,42 @@
 Hunk 2: EXACT: @@ -140,7 +164,7 @@
 Hunk 3: EXACT: @@ -156,13 +180,7 @@
 Hunk 4: EXACT: @@ -187,11 +205,11 @@
 Hunk 5: EXACT: @@ -210,7 +228,7 @@
 Hunk 6: EXACT: @@ -229,14 +247,15 @@
 Hunk 7: EXACT: @@ -267,19 +286,20 @@
 Hunk 8: EXACT: @@ -298,8 +318,9 @@
 Hunk 9: EXACT: @@ -312,12 +333,13 @@
 Hunk 10: EXACT: @@ -325,7 +347,7 @@
 Hunk 11: EXACT: @@ -335,57 +357,69 @@
 Hunk 12: EXACT: @@ -410,16 +444,13 @@
 Hunk 13: EXACT: @@ -430,17 +461,17 @@
 Hunk 14: EXACT: @@ -455,27 +486,28 @@
 Hunk 15: EXACT: @@ -487,33 +519,25 @@
 Hunk 16: EXACT: @@ -527,28 +551,37 @@
 Hunk 17: EXACT: @@ -557,25 +590,14 @@
Patching: net/minecraft/world/entity/animal/axolotl/Axolotl.java
 Hunk 0: EXACT: @@ -65,10 +65,18 @@
 Hunk 1: EXACT: @@ -102,9 +110,9 @@
 Hunk 2: EXACT: @@ -130,31 +138,34 @@
 Hunk 3: EXACT: @@ -177,20 +188,21 @@
 Hunk 4: EXACT: @@ -218,36 +230,38 @@
 Hunk 5: EXACT: @@ -256,7 +270,7 @@
 Hunk 6: EXACT: @@ -272,14 +286,15 @@
 Hunk 7: EXACT: @@ -295,20 +310,22 @@
 Hunk 8: EXACT: @@ -331,18 +348,20 @@
 Hunk 9: EXACT: @@ -351,10 +370,11 @@
 Hunk 10: EXACT: @@ -382,17 +402,21 @@
 Hunk 11: EXACT: @@ -401,11 +425,12 @@
 Hunk 12: EXACT: @@ -445,7 +470,7 @@
 Hunk 13: EXACT: @@ -455,7 +480,7 @@
 Hunk 14: EXACT: @@ -495,44 +520,33 @@
 Hunk 15: EXACT: @@ -540,23 +554,20 @@
 Hunk 16: EXACT: @@ -576,12 +587,27 @@
Patching: net/minecraft/world/entity/animal/frog/Frog.java
 Hunk 0: EXACT: @@ -105,7 +105,7 @@
 Hunk 1: EXACT: @@ -274,7 +274,7 @@
Patching: net/minecraft/world/entity/animal/frog/Tadpole.java
 Hunk 0: EXACT: @@ -36,6 +36,7 @@
 Hunk 1: EXACT: @@ -57,7 +58,7 @@
 Hunk 2: EXACT: @@ -67,7 +68,7 @@
 Hunk 3: EXACT: @@ -78,7 +79,7 @@
 Hunk 4: EXACT: @@ -131,12 +132,13 @@
 Hunk 5: EXACT: @@ -152,14 +154,14 @@
 Hunk 6: EXACT: @@ -208,18 +210,21 @@
 Hunk 7: EXACT: @@ -227,15 +232,21 @@
Patching: net/minecraft/world/entity/animal/goat/Goat.java
 Hunk 0: EXACT: @@ -4,6 +4,7 @@
 Hunk 1: EXACT: @@ -25,6 +26,7 @@
 Hunk 2: EXACT: @@ -51,16 +53,21 @@
 Hunk 3: EXACT: @@ -75,15 +82,16 @@
 Hunk 4: EXACT: @@ -92,7 +100,7 @@
 Hunk 5: EXACT: @@ -137,12 +145,14 @@
 Hunk 6: EXACT: @@ -150,13 +160,13 @@
 Hunk 7: EXACT: @@ -172,9 +182,10 @@
 Hunk 8: EXACT: @@ -184,31 +195,43 @@
 Hunk 9: EXACT: @@ -222,7 +245,7 @@
 Hunk 10: EXACT: @@ -237,8 +260,8 @@
 Hunk 11: EXACT: @@ -261,76 +284,89 @@
Patching: net/minecraft/world/entity/animal/horse/AbstractChestedHorse.java
 Hunk 0: EXACT: @@ -69,11 +69,19 @@
Patching: net/minecraft/world/entity/animal/horse/AbstractHorse.java
 Hunk 0: EXACT: @@ -1,5 +1,7 @@
 Hunk 1: EXACT: @@ -7,8 +9,8 @@
 Hunk 2: EXACT: @@ -69,15 +71,17 @@
 Hunk 3: EXACT: @@ -108,6 +112,7 @@
 Hunk 4: EXACT: @@ -135,20 +140,21 @@
 Hunk 5: EXACT: @@ -159,11 +165,11 @@
 Hunk 6: EXACT: @@ -211,7 +217,7 @@
 Hunk 7: EXACT: @@ -230,22 +236,24 @@
 Hunk 8: EXACT: @@ -258,13 +266,18 @@
 Hunk 9: EXACT: @@ -283,16 +296,18 @@
 Hunk 10: EXACT: @@ -309,9 +324,10 @@
 Hunk 11: EXACT: @@ -361,23 +377,24 @@
 Hunk 12: EXACT: @@ -388,7 +405,7 @@
 Hunk 13: EXACT: @@ -397,7 +414,7 @@
 Hunk 14: EXACT: @@ -412,90 +429,88 @@
 Hunk 15: EXACT: @@ -516,7 +531,7 @@
 Hunk 16: EXACT: @@ -527,10 +542,11 @@
 Hunk 17: EXACT: @@ -546,7 +562,7 @@
 Hunk 18: EXACT: @@ -566,9 +582,10 @@
 Hunk 19: EXACT: @@ -646,6 +663,14 @@
 Hunk 20: EXACT: @@ -658,6 +683,11 @@
 Hunk 21: EXACT: @@ -677,9 +707,10 @@
 Hunk 22: EXACT: @@ -689,47 +720,51 @@
 Hunk 23: EXACT: @@ -737,9 +772,9 @@
 Hunk 24: EXACT: @@ -771,6 +806,7 @@
 Hunk 25: EXACT: @@ -785,22 +821,30 @@
 Hunk 26: EXACT: @@ -823,12 +867,15 @@
 Hunk 27: EXACT: @@ -856,7 +903,7 @@
 Hunk 28: EXACT: @@ -869,23 +916,35 @@
 Hunk 29: EXACT: @@ -905,33 +964,36 @@
 Hunk 30: EXACT: @@ -978,36 +1040,41 @@
 Hunk 31: EXACT: @@ -1016,32 +1083,37 @@
 Hunk 32: EXACT: @@ -1052,19 +1124,20 @@
 Hunk 33: EXACT: @@ -1074,7 +1147,7 @@
Patching: net/minecraft/world/entity/animal/horse/Llama.java
 Hunk 0: EXACT: @@ -1,5 +1,6 @@
 Hunk 1: EXACT: @@ -55,6 +56,7 @@
 Hunk 2: EXACT: @@ -75,17 +77,24 @@
 Hunk 3: EXACT: @@ -115,7 +124,7 @@
 Hunk 4: EXACT: @@ -135,17 +144,17 @@
 Hunk 5: EXACT: @@ -156,16 +165,17 @@
 Hunk 6: EXACT: @@ -176,58 +186,60 @@
 Hunk 7: EXACT: @@ -238,18 +250,20 @@
 Hunk 8: EXACT: @@ -290,9 +304,10 @@
 Hunk 9: EXACT: @@ -324,10 +339,12 @@
 Hunk 10: EXACT: @@ -337,23 +354,25 @@
 Hunk 11: EXACT: @@ -364,40 +383,43 @@
 Hunk 12: EXACT: @@ -408,14 +430,19 @@
 Hunk 13: EXACT: @@ -476,13 +503,35 @@
 Hunk 14: EXACT: @@ -492,7 +541,8 @@
 Hunk 15: EXACT: @@ -500,23 +550,4 @@
Patching: net/minecraft/world/entity/animal/horse/SkeletonTrapGoal.java
 Hunk 0: EXACT: @@ -15,7 +15,9 @@
 Hunk 1: EXACT: @@ -23,58 +25,66 @@
Patching: net/minecraft/world/entity/animal/horse/TraderLlama.java
 Hunk 0: EXACT: @@ -20,6 +20,7 @@
 Hunk 1: EXACT: @@ -33,7 +34,7 @@
 Hunk 2: EXACT: @@ -65,6 +66,7 @@
 Hunk 3: EXACT: @@ -81,7 +83,7 @@
 Hunk 4: EXACT: @@ -113,10 +115,11 @@
 Hunk 5: EXACT: @@ -133,12 +136,15 @@
 Hunk 6: EXACT: @@ -146,10 +152,11 @@
Patching: net/minecraft/world/entity/boss/enderdragon/EndCrystal.java
 Hunk 0: EXACT: @@ -20,11 +20,17 @@
 Hunk 1: EXACT: @@ -44,18 +50,34 @@
 Hunk 2: EXACT: @@ -67,6 +89,7 @@
 Hunk 3: EXACT: @@ -78,6 +101,7 @@
 Hunk 4: EXACT: @@ -94,9 +118,22 @@
 Hunk 5: EXACT: @@ -114,29 +151,30 @@
Patching: net/minecraft/world/entity/boss/enderdragon/EnderDragon.java
 Hunk 0: EXACT: @@ -2,6 +2,7 @@
 Hunk 1: EXACT: @@ -37,19 +38,32 @@
 Hunk 2: EXACT: @@ -61,14 +75,14 @@
 Hunk 3: EXACT: @@ -84,23 +98,20 @@
 Hunk 4: EXACT: @@ -112,11 +123,25 @@
 Hunk 5: EXACT: @@ -130,7 +155,7 @@
 Hunk 6: EXACT: @@ -139,17 +164,18 @@
 Hunk 7: EXACT: @@ -164,22 +190,27 @@
 Hunk 8: EXACT: @@ -187,9 +218,9 @@
 Hunk 9: EXACT: @@ -197,120 +228,140 @@
 Hunk 10: EXACT: @@ -320,13 +371,13 @@
 Hunk 11: EXACT: @@ -341,9 +392,10 @@
 Hunk 12: EXACT: @@ -352,39 +404,53 @@
 Hunk 13: EXACT: @@ -394,7 +460,11 @@
 Hunk 14: EXACT: @@ -404,7 +474,7 @@
 Hunk 15: EXACT: @@ -412,33 +482,92 @@
 Hunk 16: EXACT: @@ -454,7 +583,8 @@
 Hunk 17: EXACT: @@ -462,7 +592,7 @@
 Hunk 18: EXACT: @@ -495,6 +625,21 @@
 Hunk 19: EXACT: @@ -504,33 +649,58 @@
 Hunk 20: EXACT: @@ -545,26 +715,32 @@
 Hunk 21: EXACT: @@ -599,18 +775,20 @@
 Hunk 22: EXACT: @@ -620,96 +798,118 @@
 Hunk 23: EXACT: @@ -720,6 +920,7 @@
 Hunk 24: EXACT: @@ -733,11 +934,15 @@
 Hunk 25: EXACT: @@ -769,73 +974,81 @@
 Hunk 26: EXACT: @@ -868,10 +1081,10 @@
Patching: net/minecraft/world/entity/boss/enderdragon/phases/DragonDeathPhase.java
 Hunk 0: EXACT: @@ -32,7 +32,7 @@
Patching: net/minecraft/world/entity/boss/enderdragon/phases/DragonHoldingPatternPhase.java
 Hunk 0: EXACT: @@ -55,7 +55,7 @@
Patching: net/minecraft/world/entity/boss/enderdragon/phases/DragonLandingApproachPhase.java
 Hunk 0: EXACT: @@ -52,7 +52,7 @@
Patching: net/minecraft/world/entity/boss/enderdragon/phases/DragonLandingPhase.java
 Hunk 0: EXACT: @@ -39,7 +39,7 @@
Patching: net/minecraft/world/entity/boss/enderdragon/phases/DragonSittingFlamingPhase.java
 Hunk 0: EXACT: @@ -83,7 +83,13 @@
Patching: net/minecraft/world/entity/boss/enderdragon/phases/DragonStrafePlayerPhase.java
 Hunk 0: EXACT: @@ -74,7 +74,9 @@
Patching: net/minecraft/world/entity/boss/enderdragon/phases/DragonTakeoffPhase.java
 Hunk 0: EXACT: @@ -24,7 +24,7 @@
Patching: net/minecraft/world/entity/boss/enderdragon/phases/EnderDragonPhaseManager.java
 Hunk 0: EXACT: @@ -5,7 +5,13 @@
 Hunk 1: EXACT: @@ -23,12 +29,25 @@
 Hunk 2: EXACT: @@ -39,10 +58,11 @@
Patching: net/minecraft/world/entity/boss/wither/WitherBoss.java
 Hunk 0: EXACT: @@ -5,19 +5,6 @@
 Hunk 1: EXACT: @@ -50,15 +37,39 @@
 Hunk 2: EXACT: @@ -68,14 +79,20 @@
 Hunk 3: EXACT: @@ -83,11 +100,12 @@
 Hunk 4: EXACT: @@ -97,17 +115,17 @@
 Hunk 5: EXACT: @@ -149,76 +167,88 @@
 Hunk 6: EXACT: @@ -226,58 +256,95 @@
 Hunk 7: EXACT: @@ -292,34 +359,40 @@
 Hunk 8: EXACT: @@ -337,8 +410,7 @@
 Hunk 9: EXACT: @@ -356,9 +428,10 @@
 Hunk 10: EXACT: @@ -370,48 +443,51 @@
 Hunk 11: EXACT: @@ -427,22 +503,24 @@
 Hunk 12: EXACT: @@ -457,9 +535,10 @@
 Hunk 13: EXACT: @@ -484,7 +563,7 @@
 Hunk 14: EXACT: @@ -496,19 +575,19 @@
 Hunk 15: EXACT: @@ -528,15 +607,16 @@
Patching: net/minecraft/world/entity/decoration/ArmorStand.java
 Hunk 0: EXACT: @@ -1,5 +1,6 @@
 Hunk 1: EXACT: @@ -22,13 +23,11 @@
 Hunk 2: EXACT: @@ -41,8 +40,16 @@
 Hunk 3: EXACT: @@ -71,22 +78,38 @@
 Hunk 4: EXACT: @@ -95,13 +118,21 @@
 Hunk 5: EXACT: @@ -116,13 +147,13 @@
 Hunk 6: EXACT: @@ -136,63 +167,76 @@
 Hunk 7: EXACT: @@ -203,24 +247,28 @@
 Hunk 8: EXACT: @@ -231,69 +279,84 @@
 Hunk 9: EXACT: @@ -302,31 +365,34 @@
 Hunk 10: EXACT: @@ -338,55 +404,76 @@
 Hunk 11: EXACT: @@ -394,9 +481,19 @@
 Hunk 12: EXACT: @@ -413,28 +510,30 @@
 Hunk 13: EXACT: @@ -463,64 +562,70 @@
 Hunk 14: EXACT: @@ -537,7 +642,7 @@
 Hunk 15: EXACT: @@ -561,35 +666,63 @@
 Hunk 16: EXACT: @@ -610,8 +743,17 @@
 Hunk 17: EXACT: @@ -627,42 +769,42 @@
 Hunk 18: EXACT: @@ -670,32 +812,38 @@
 Hunk 19: EXACT: @@ -729,7 +877,7 @@
 Hunk 20: EXACT: @@ -755,8 +903,7 @@
 Hunk 21: EXACT: @@ -765,7 +912,7 @@
 Hunk 22: EXACT: @@ -784,33 +931,32 @@
 Hunk 23: EXACT: @@ -825,4 +971,20 @@
Patching: net/minecraft/world/entity/decoration/HangingEntity.java
 Hunk 0: EXACT: @@ -9,6 +9,7 @@
 Hunk 1: EXACT: @@ -16,27 +17,34 @@
 Hunk 2: EXACT: @@ -45,50 +53,64 @@
 Hunk 3: EXACT: @@ -96,11 +118,29 @@
 Hunk 4: EXACT: @@ -108,28 +148,30 @@
 Hunk 5: EXACT: @@ -140,8 +182,10 @@
 Hunk 6: EXACT: @@ -158,6 +202,22 @@
 Hunk 7: EXACT: @@ -170,36 +230,50 @@
 Hunk 8: EXACT: @@ -213,10 +287,11 @@
 Hunk 9: EXACT: @@ -251,6 +326,7 @@
 Hunk 10: EXACT: @@ -269,10 +345,8 @@
Patching: net/minecraft/world/entity/decoration/ItemFrame.java
 Hunk 0: EXACT: @@ -3,6 +3,7 @@
 Hunk 1: EXACT: @@ -39,15 +40,17 @@
 Hunk 2: EXACT: @@ -56,6 +59,7 @@
 Hunk 3: EXACT: @@ -66,8 +70,8 @@
 Hunk 4: EXACT: @@ -76,9 +80,9 @@
 Hunk 5: EXACT: @@ -90,42 +94,57 @@
 Hunk 6: EXACT: @@ -164,6 +183,18 @@
 Hunk 7: EXACT: @@ -190,9 +221,10 @@
 Hunk 8: EXACT: @@ -216,18 +248,20 @@
 Hunk 9: EXACT: @@ -236,11 +270,11 @@
 Hunk 10: EXACT: @@ -248,26 +282,29 @@
 Hunk 11: EXACT: @@ -285,18 +322,24 @@
 Hunk 12: EXACT: @@ -324,7 +367,7 @@
 Hunk 13: EXACT: @@ -339,7 +382,7 @@
 Hunk 14: EXACT: @@ -347,7 +390,7 @@
 Hunk 15: EXACT: @@ -359,11 +402,11 @@
 Hunk 16: EXACT: @@ -371,19 +414,22 @@
 Hunk 17: EXACT: @@ -397,34 +443,45 @@
 Hunk 18: EXACT: @@ -449,8 +506,9 @@
 Hunk 19: EXACT: @@ -459,8 +517,9 @@
Patching: net/minecraft/world/entity/decoration/LeashFenceKnotEntity.java
 Hunk 0: EXACT: @@ -1,5 +1,6 @@
 Hunk 1: EXACT: @@ -7,6 +8,8 @@
 Hunk 2: EXACT: @@ -22,8 +25,11 @@
 Hunk 3: EXACT: @@ -32,20 +38,20 @@
 Hunk 4: EXACT: @@ -73,37 +79,65 @@
 Hunk 5: EXACT: @@ -120,16 +154,23 @@
Patching: net/minecraft/world/entity/item/FallingBlockEntity.java
 Hunk 0: EXACT: @@ -1,6 +1,7 @@
 Hunk 1: EXACT: @@ -24,9 +25,11 @@
 Hunk 2: EXACT: @@ -43,21 +46,28 @@
 Hunk 3: EXACT: @@ -73,10 +83,18 @@
 Hunk 4: EXACT: @@ -85,11 +103,11 @@
 Hunk 5: EXACT: @@ -99,7 +117,7 @@
 Hunk 6: EXACT: @@ -109,90 +127,127 @@
 Hunk 7: EXACT: @@ -204,7 +259,7 @@
 Hunk 8: EXACT: @@ -215,31 +270,39 @@
 Hunk 9: EXACT: @@ -259,12 +322,25 @@
 Hunk 10: EXACT: @@ -286,6 +362,18 @@
 Hunk 11: EXACT: @@ -302,7 +390,7 @@
 Hunk 12: EXACT: @@ -324,10 +412,11 @@
Patching: net/minecraft/world/entity/item/ItemEntity.java
 Hunk 0: EXACT: @@ -1,5 +1,7 @@
 Hunk 1: EXACT: @@ -12,12 +14,6 @@
 Hunk 2: EXACT: @@ -29,29 +25,51 @@
 Hunk 3: EXACT: @@ -63,6 +81,7 @@
 Hunk 4: EXACT: @@ -77,7 +96,11 @@
 Hunk 5: EXACT: @@ -87,7 +110,7 @@
 Hunk 6: EXACT: @@ -96,18 +119,23 @@
 Hunk 7: EXACT: @@ -122,64 +150,117 @@
 Hunk 8: EXACT: @@ -190,50 +271,47 @@
 Hunk 9: EXACT: @@ -258,8 +336,13 @@
 Hunk 10: EXACT: @@ -272,9 +355,9 @@
 Hunk 11: EXACT: @@ -305,8 +388,9 @@
 Hunk 12: EXACT: @@ -316,14 +400,82 @@
 Hunk 13: EXACT: @@ -335,8 +487,9 @@
 Hunk 14: EXACT: @@ -348,25 +501,29 @@
 Hunk 15: EXACT: @@ -424,11 +581,11 @@
 Hunk 16: EXACT: @@ -447,6 +604,6 @@
Patching: net/minecraft/world/entity/item/PrimedTnt.java
 Hunk 0: EXACT: @@ -16,12 +16,16 @@
 Hunk 1: EXACT: @@ -31,8 +35,9 @@
 Hunk 2: EXACT: @@ -42,7 +47,7 @@
 Hunk 3: EXACT: @@ -57,23 +62,34 @@
 Hunk 4: EXACT: @@ -81,21 +97,58 @@
 Hunk 5: EXACT: @@ -109,15 +162,22 @@
Patching: net/minecraft/world/entity/monster/AbstractSkeleton.java
 Hunk 0: EXACT: @@ -46,6 +46,7 @@
 Hunk 1: EXACT: @@ -74,7 +75,7 @@
 Hunk 2: EXACT: @@ -96,24 +97,32 @@
 Hunk 3: EXACT: @@ -125,8 +134,9 @@
 Hunk 4: EXACT: @@ -141,17 +151,19 @@
 Hunk 5: EXACT: @@ -163,14 +175,16 @@
 Hunk 6: EXACT: @@ -181,15 +195,27 @@
 Hunk 7: EXACT: @@ -205,8 +231,21 @@
Patching: net/minecraft/world/entity/monster/CaveSpider.java
 Hunk 0: EXACT: @@ -19,6 +19,7 @@
 Hunk 1: EXACT: @@ -31,15 +32,16 @@
Patching: net/minecraft/world/entity/monster/Creeper.java
 Hunk 0: EXACT: @@ -1,6 +1,7 @@
 Hunk 1: EXACT: @@ -39,10 +40,18 @@
 Hunk 2: EXACT: @@ -67,7 +76,7 @@
 Hunk 3: EXACT: @@ -76,44 +85,45 @@
 Hunk 4: EXACT: @@ -137,6 +147,7 @@
 Hunk 5: EXACT: @@ -177,10 +188,13 @@
 Hunk 6: EXACT: @@ -193,36 +207,47 @@
 Hunk 7: EXACT: @@ -234,41 +259,68 @@
Patching: net/minecraft/world/entity/monster/Drowned.java
 Hunk 0: EXACT: @@ -53,6 +53,7 @@
 Hunk 1: EXACT: @@ -75,9 +76,9 @@
 Hunk 2: EXACT: @@ -99,12 +100,9 @@
 Hunk 3: EXACT: @@ -149,8 +147,9 @@
 Hunk 4: EXACT: @@ -162,17 +161,7 @@
 Hunk 5: EXACT: @@ -186,11 +175,7 @@
 Hunk 6: EXACT: @@ -202,8 +187,9 @@
 Hunk 7: EXACT: @@ -234,12 +220,15 @@
 Hunk 8: EXACT: @@ -250,77 +239,72 @@
 Hunk 9: EXACT: @@ -342,13 +326,14 @@
 Hunk 10: EXACT: @@ -366,13 +351,14 @@
 Hunk 11: EXACT: @@ -380,123 +366,141 @@
Patching: net/minecraft/world/entity/monster/ElderGuardian.java
 Hunk 0: EXACT: @@ -16,6 +16,7 @@
 Hunk 1: EXACT: @@ -33,7 +34,7 @@
 Hunk 2: EXACT: @@ -65,10 +66,11 @@
Patching: net/minecraft/world/entity/monster/EnderMan.java
 Hunk 0: EXACT: @@ -54,6 +54,7 @@
 Hunk 1: EXACT: @@ -65,8 +66,9 @@
 Hunk 2: EXACT: @@ -96,45 +98,63 @@
 Hunk 3: EXACT: @@ -170,7 +190,7 @@
 Hunk 4: EXACT: @@ -180,9 +200,10 @@
 Hunk 5: EXACT: @@ -191,29 +212,41 @@
 Hunk 6: EXACT: @@ -225,14 +258,14 @@
 Hunk 7: EXACT: @@ -247,8 +280,9 @@
 Hunk 8: EXACT: @@ -256,49 +290,54 @@
 Hunk 9: EXACT: @@ -322,20 +361,21 @@
 Hunk 10: EXACT: @@ -344,56 +384,72 @@
 Hunk 11: EXACT: @@ -409,8 +465,9 @@
 Hunk 12: EXACT: @@ -425,7 +482,8 @@
 Hunk 13: EXACT: @@ -434,33 +492,33 @@
 Hunk 14: EXACT: @@ -471,7 +529,49 @@
 Hunk 15: EXACT: @@ -483,8 +583,8 @@
 Hunk 16: EXACT: @@ -524,7 +624,7 @@
 Hunk 17: EXACT: @@ -535,13 +635,13 @@
 Hunk 18: EXACT: @@ -550,45 +650,5 @@
Patching: net/minecraft/world/entity/monster/Evoker.java
 Hunk 0: EXACT: @@ -39,6 +39,7 @@
 Hunk 1: EXACT: @@ -59,7 +60,7 @@
 Hunk 2: EXACT: @@ -96,19 +97,7 @@
 Hunk 3: EXACT: @@ -130,8 +119,8 @@
 Hunk 4: EXACT: @@ -141,155 +130,183 @@
 Hunk 5: EXACT: @@ -302,10 +319,11 @@
 Hunk 6: EXACT: @@ -319,14 +337,15 @@
Patching: net/minecraft/world/entity/monster/Ghast.java
 Hunk 0: EXACT: @@ -13,6 +13,7 @@
 Hunk 1: EXACT: @@ -33,6 +34,7 @@
 Hunk 2: EXACT: @@ -47,23 +49,29 @@
 Hunk 3: EXACT: @@ -75,12 +83,12 @@
 Hunk 4: EXACT: @@ -91,7 +99,7 @@
 Hunk 5: EXACT: @@ -135,7 +143,7 @@
 Hunk 6: EXACT: @@ -152,86 +160,134 @@
 Hunk 7: EXACT: @@ -261,29 +317,36 @@
 Hunk 8: EXACT: @@ -294,41 +357,4 @@
Patching: net/minecraft/world/entity/monster/Husk.java
 Hunk 0: EXACT: @@ -17,6 +17,7 @@
 Hunk 1: EXACT: @@ -52,13 +53,15 @@
 Hunk 2: EXACT: @@ -70,7 +73,7 @@
Patching: net/minecraft/world/entity/monster/Illusioner.java
 Hunk 0: EXACT: @@ -40,6 +40,7 @@
 Hunk 1: EXACT: @@ -51,7 +52,7 @@
 Hunk 2: EXACT: @@ -69,7 +70,7 @@
 Hunk 3: EXACT: @@ -108,22 +109,24 @@
 Hunk 4: EXACT: @@ -142,27 +145,22 @@
 Hunk 5: EXACT: @@ -186,55 +184,46 @@
 Hunk 6: EXACT: @@ -244,33 +233,48 @@
 Hunk 7: EXACT: @@ -280,23 +284,22 @@
Patching: net/minecraft/world/entity/monster/Monster.java
 Hunk 0: EXACT: @@ -27,6 +27,7 @@
 Hunk 1: EXACT: @@ -92,7 +93,7 @@
Patching: net/minecraft/world/entity/monster/Phantom.java
 Hunk 0: EXACT: @@ -2,6 +2,7 @@
 Hunk 1: EXACT: @@ -41,15 +42,19 @@
 Hunk 2: EXACT: @@ -57,7 +62,7 @@
 Hunk 3: EXACT: @@ -76,20 +81,20 @@
 Hunk 4: EXACT: @@ -99,7 +104,7 @@
 Hunk 5: EXACT: @@ -119,25 +124,27 @@
 Hunk 6: EXACT: @@ -164,6 +171,14 @@
 Hunk 7: EXACT: @@ -173,6 +188,12 @@
 Hunk 8: EXACT: @@ -218,57 +239,120 @@
 Hunk 9: EXACT: @@ -306,24 +390,100 @@
 Hunk 10: EXACT: @@ -352,7 +512,7 @@
 Hunk 11: EXACT: @@ -377,150 +537,62 @@
Patching: net/minecraft/world/entity/monster/Ravager.java
 Hunk 0: EXACT: @@ -1,5 +1,7 @@
 Hunk 1: EXACT: @@ -45,6 +47,7 @@
 Hunk 2: EXACT: @@ -74,22 +77,23 @@
 Hunk 3: EXACT: @@ -136,6 +140,7 @@
 Hunk 4: EXACT: @@ -150,25 +155,31 @@
 Hunk 5: EXACT: @@ -197,10 +208,11 @@
 Hunk 6: EXACT: @@ -221,7 +233,7 @@
 Hunk 7: EXACT: @@ -234,21 +246,25 @@
 Hunk 8: EXACT: @@ -257,10 +273,11 @@
 Hunk 9: EXACT: @@ -290,7 +307,7 @@
 Hunk 10: EXACT: @@ -322,15 +339,15 @@
 Hunk 11: EXACT: @@ -338,11 +355,13 @@
 Hunk 12: EXACT: @@ -354,7 +373,10 @@
Patching: net/minecraft/world/entity/monster/Shulker.java
 Hunk 0: EXACT: @@ -2,6 +2,8 @@
 Hunk 1: EXACT: @@ -50,13 +52,18 @@
 Hunk 2: EXACT: @@ -67,9 +74,10 @@
 Hunk 3: EXACT: @@ -90,7 +98,7 @@
 Hunk 4: EXACT: @@ -131,9 +139,9 @@
 Hunk 5: EXACT: @@ -149,9 +157,9 @@
 Hunk 6: EXACT: @@ -159,9 +167,9 @@
 Hunk 7: EXACT: @@ -186,9 +194,10 @@
 Hunk 8: EXACT: @@ -197,19 +206,21 @@
 Hunk 9: EXACT: @@ -225,16 +236,22 @@
 Hunk 10: EXACT: @@ -242,19 +259,21 @@
 Hunk 11: EXACT: @@ -304,25 +323,26 @@
 Hunk 12: EXACT: @@ -335,9 +355,14 @@
 Hunk 13: EXACT: @@ -348,42 +373,58 @@
 Hunk 14: EXACT: @@ -404,8 +445,10 @@
 Hunk 15: EXACT: @@ -414,11 +457,11 @@
 Hunk 16: EXACT: @@ -432,20 +475,23 @@
 Hunk 17: EXACT: @@ -456,16 +502,16 @@
 Hunk 18: EXACT: @@ -473,14 +519,14 @@
 Hunk 19: EXACT: @@ -489,7 +535,7 @@
 Hunk 20: EXACT: @@ -519,8 +565,7 @@
 Hunk 21: EXACT: @@ -529,29 +574,68 @@
 Hunk 22: EXACT: @@ -560,12 +644,9 @@
 Hunk 23: EXACT: @@ -588,18 +669,20 @@
 Hunk 24: EXACT: @@ -608,74 +691,46 @@
 Hunk 25: EXACT: @@ -685,45 +740,40 @@
Patching: net/minecraft/world/entity/monster/Silverfish.java
 Hunk 0: EXACT: @@ -34,6 +34,7 @@
 Hunk 1: EXACT: @@ -49,7 +50,7 @@
 Hunk 2: EXACT: @@ -124,8 +125,9 @@
 Hunk 3: EXACT: @@ -136,7 +138,68 @@
 Hunk 4: EXACT: @@ -153,12 +216,14 @@
 Hunk 5: EXACT: @@ -179,11 +244,17 @@
 Hunk 6: EXACT: @@ -191,57 +262,4 @@
Patching: net/minecraft/world/entity/monster/Skeleton.java
 Hunk 0: EXACT: @@ -11,9 +11,11 @@
 Hunk 1: EXACT: @@ -26,15 +28,15 @@
 Hunk 2: EXACT: @@ -80,14 +82,19 @@
 Hunk 3: EXACT: @@ -120,10 +127,13 @@
Patching: net/minecraft/world/entity/monster/Slime.java
 Hunk 0: EXACT: @@ -41,8 +41,22 @@
 Hunk 1: EXACT: @@ -62,8 +76,8 @@
 Hunk 2: EXACT: @@ -71,32 +85,34 @@
 Hunk 3: EXACT: @@ -105,6 +121,11 @@
 Hunk 4: EXACT: @@ -129,12 +150,13 @@
 Hunk 5: EXACT: @@ -157,16 +179,17 @@
 Hunk 6: EXACT: @@ -180,34 +203,60 @@
 Hunk 7: EXACT: @@ -217,7 +266,7 @@
 Hunk 8: EXACT: @@ -233,7 +282,8 @@
 Hunk 9: EXACT: @@ -251,7 +301,7 @@
 Hunk 10: EXACT: @@ -270,7 +320,16 @@
 Hunk 11: EXACT: @@ -278,9 +337,13 @@
 Hunk 12: EXACT: @@ -290,7 +353,7 @@
 Hunk 13: EXACT: @@ -304,27 +367,31 @@
 Hunk 14: EXACT: @@ -334,63 +401,68 @@
 Hunk 15: EXACT: @@ -401,7 +473,7 @@
 Hunk 16: EXACT: @@ -415,86 +487,82 @@
 Hunk 17: EXACT: @@ -506,17 +574,53 @@
Patching: net/minecraft/world/entity/monster/SpellcasterIllager.java
 Hunk 0: EXACT: @@ -15,18 +15,20 @@
 Hunk 1: EXACT: @@ -43,28 +45,20 @@
 Hunk 2: EXACT: @@ -80,15 +74,16 @@
 Hunk 3: EXACT: @@ -100,85 +95,52 @@
 Hunk 4: EXACT: @@ -186,9 +148,10 @@
 Hunk 5: EXACT: @@ -198,6 +161,11 @@
 Hunk 6: EXACT: @@ -219,4 +187,36 @@
Patching: net/minecraft/world/entity/monster/Spider.java
 Hunk 0: EXACT: @@ -43,6 +43,7 @@
 Hunk 1: EXACT: @@ -58,14 +59,14 @@
 Hunk 2: EXACT: @@ -76,7 +77,7 @@
 Hunk 3: EXACT: @@ -89,7 +90,7 @@
 Hunk 4: EXACT: @@ -132,51 +133,55 @@
 Hunk 5: EXACT: @@ -184,7 +189,8 @@
 Hunk 6: EXACT: @@ -197,8 +203,9 @@
 Hunk 7: EXACT: @@ -207,16 +214,34 @@
 Hunk 8: EXACT: @@ -229,16 +254,4 @@
Patching: net/minecraft/world/entity/monster/Strider.java
 Hunk 0: EXACT: @@ -1,6 +1,8 @@
 Hunk 1: EXACT: @@ -51,6 +53,7 @@
 Hunk 2: EXACT: @@ -68,6 +71,7 @@
 Hunk 3: EXACT: @@ -76,7 +80,7 @@
 Hunk 4: EXACT: @@ -84,6 +88,7 @@
 Hunk 5: EXACT: @@ -92,18 +97,18 @@
 Hunk 6: EXACT: @@ -113,9 +118,9 @@
 Hunk 7: EXACT: @@ -144,7 +149,7 @@
 Hunk 8: EXACT: @@ -154,7 +159,7 @@
 Hunk 9: EXACT: @@ -165,11 +170,11 @@
 Hunk 10: EXACT: @@ -180,8 +185,9 @@
 Hunk 11: EXACT: @@ -193,45 +199,60 @@
 Hunk 12: EXACT: @@ -248,12 +269,12 @@
 Hunk 13: EXACT: @@ -295,10 +316,17 @@
 Hunk 14: EXACT: @@ -321,8 +349,9 @@
 Hunk 15: EXACT: @@ -332,7 +361,7 @@
 Hunk 16: EXACT: @@ -372,59 +401,58 @@
 Hunk 17: EXACT: @@ -433,33 +461,37 @@
 Hunk 18: EXACT: @@ -493,7 +525,8 @@
Patching: net/minecraft/world/entity/monster/Vex.java
 Hunk 0: EXACT: @@ -13,6 +13,7 @@
 Hunk 1: EXACT: @@ -40,6 +41,7 @@
 Hunk 2: EXACT: @@ -59,7 +61,7 @@
 Hunk 3: EXACT: @@ -89,7 +91,7 @@
 Hunk 4: EXACT: @@ -101,7 +103,7 @@
 Hunk 5: EXACT: @@ -147,19 +149,22 @@
 Hunk 6: EXACT: @@ -202,9 +207,10 @@
 Hunk 7: EXACT: @@ -214,19 +220,52 @@
 Hunk 8: EXACT: @@ -236,10 +275,12 @@
 Hunk 9: EXACT: @@ -258,66 +299,19 @@
 Hunk 10: EXACT: @@ -325,7 +319,8 @@
 Hunk 11: EXACT: @@ -342,17 +337,19 @@
 Hunk 12: EXACT: @@ -360,4 +357,24 @@
Patching: net/minecraft/world/entity/monster/Vindicator.java
 Hunk 0: EXACT: @@ -197,7 +197,7 @@
Patching: net/minecraft/world/entity/monster/Witch.java
 Hunk 0: EXACT: @@ -1,5 +1,6 @@
 Hunk 1: EXACT: @@ -13,6 +14,7 @@
 Hunk 2: EXACT: @@ -42,8 +44,9 @@
 Hunk 3: EXACT: @@ -56,16 +59,16 @@
 Hunk 4: EXACT: @@ -73,7 +76,7 @@
 Hunk 5: EXACT: @@ -92,11 +95,11 @@
 Hunk 6: EXACT: @@ -116,53 +119,90 @@
 Hunk 7: EXACT: @@ -171,8 +211,8 @@
 Hunk 8: EXACT: @@ -197,37 +237,46 @@
 Hunk 9: EXACT: @@ -237,8 +286,7 @@
Patching: net/minecraft/world/entity/monster/WitherSkeleton.java
 Hunk 0: EXACT: @@ -23,11 +23,13 @@
 Hunk 1: EXACT: @@ -63,10 +65,13 @@
 Hunk 2: EXACT: @@ -78,16 +83,16 @@
 Hunk 3: EXACT: @@ -101,7 +106,7 @@
 Hunk 4: EXACT: @@ -110,13 +115,14 @@
Patching: net/minecraft/world/entity/monster/Zombie.java
 Hunk 0: EXACT: @@ -6,17 +6,6 @@
 Hunk 1: EXACT: @@ -64,10 +53,31 @@
 Hunk 2: EXACT: @@ -76,16 +86,19 @@
 Hunk 3: EXACT: @@ -94,7 +107,7 @@
 Hunk 4: EXACT: @@ -104,27 +117,27 @@
 Hunk 5: EXACT: @@ -135,7 +148,7 @@
 Hunk 6: EXACT: @@ -155,26 +168,32 @@
 Hunk 7: EXACT: @@ -182,7 +201,7 @@
 Hunk 8: EXACT: @@ -197,7 +216,10 @@
 Hunk 9: EXACT: @@ -206,6 +228,7 @@
 Hunk 10: EXACT: @@ -214,27 +237,30 @@
 Hunk 11: EXACT: @@ -243,31 +269,49 @@
 Hunk 12: EXACT: @@ -276,33 +320,35 @@
 Hunk 13: EXACT: @@ -315,15 +361,24 @@
 Hunk 14: EXACT: @@ -360,6 +415,7 @@
 Hunk 15: EXACT: @@ -376,6 +432,7 @@
 Hunk 16: EXACT: @@ -387,32 +444,52 @@
 Hunk 17: EXACT: @@ -433,53 +510,60 @@
 Hunk 18: EXACT: @@ -488,10 +572,11 @@
 Hunk 19: EXACT: @@ -503,7 +588,7 @@
 Hunk 20: EXACT: @@ -515,12 +600,16 @@
 Hunk 21: EXACT: @@ -531,19 +620,20 @@
 Hunk 22: EXACT: @@ -553,6 +643,7 @@
Patching: net/minecraft/world/entity/monster/ZombieVillager.java
 Hunk 0: EXACT: @@ -3,21 +3,9 @@
 Hunk 1: EXACT: @@ -45,8 +33,27 @@
 Hunk 2: EXACT: @@ -62,26 +69,31 @@
 Hunk 3: EXACT: @@ -103,8 +115,11 @@
 Hunk 4: EXACT: @@ -129,22 +144,29 @@
 Hunk 5: EXACT: @@ -171,16 +193,24 @@
 Hunk 6: EXACT: @@ -196,59 +226,76 @@
 Hunk 7: EXACT: @@ -310,17 +357,18 @@
Patching: net/minecraft/world/entity/monster/ZombifiedPiglin.java
 Hunk 0: EXACT: @@ -13,6 +13,7 @@
 Hunk 1: EXACT: @@ -39,8 +40,9 @@
 Hunk 2: EXACT: @@ -50,6 +52,7 @@
 Hunk 3: EXACT: @@ -70,13 +73,13 @@
 Hunk 4: EXACT: @@ -86,18 +89,19 @@
 Hunk 5: EXACT: @@ -127,21 +131,22 @@
 Hunk 6: EXACT: @@ -150,22 +155,32 @@
Patching: net/minecraft/world/entity/monster/hoglin/Hoglin.java
 Hunk 0: EXACT: @@ -123,7 +123,7 @@
Patching: net/minecraft/world/entity/monster/piglin/AbstractPiglin.java
 Hunk 0: EXACT: @@ -21,6 +21,7 @@
 Hunk 1: EXACT: @@ -35,7 +36,7 @@
 Hunk 2: EXACT: @@ -43,17 +44,17 @@
 Hunk 3: EXACT: @@ -89,7 +90,7 @@
 Hunk 4: EXACT: @@ -99,10 +100,16 @@
 Hunk 5: EXACT: @@ -115,7 +122,7 @@
Patching: net/minecraft/world/entity/monster/piglin/Piglin.java
 Hunk 0: EXACT: @@ -6,10 +6,15 @@
 Hunk 1: EXACT: @@ -53,13 +58,20 @@
 Hunk 2: EXACT: @@ -72,7 +84,11 @@
 Hunk 3: EXACT: @@ -91,6 +107,14 @@
 Hunk 4: EXACT: @@ -99,6 +123,10 @@
 Hunk 5: EXACT: @@ -124,22 +152,22 @@
 Hunk 6: EXACT: @@ -149,9 +177,10 @@
 Hunk 7: EXACT: @@ -159,8 +188,8 @@
 Hunk 8: EXACT: @@ -194,7 +223,7 @@
 Hunk 9: EXACT: @@ -204,19 +233,21 @@
 Hunk 10: EXACT: @@ -227,17 +258,18 @@
 Hunk 11: EXACT: @@ -245,7 +277,7 @@
 Hunk 12: EXACT: @@ -260,7 +292,7 @@
 Hunk 13: EXACT: @@ -274,21 +306,23 @@
 Hunk 14: EXACT: @@ -298,38 +332,29 @@
 Hunk 15: EXACT: @@ -353,7 +378,7 @@
 Hunk 16: EXACT: @@ -368,9 +393,10 @@
 Hunk 17: EXACT: @@ -378,15 +404,10 @@
 Hunk 18: EXACT: @@ -407,12 +428,13 @@
Patching: net/minecraft/world/entity/monster/piglin/PiglinAi.java
 Hunk 0: EXACT: @@ -4,7 +4,9 @@
 Hunk 1: EXACT: @@ -68,8 +70,15 @@
 Hunk 2: EXACT: @@ -107,14 +116,16 @@
 Hunk 3: EXACT: @@ -122,40 +133,41 @@
 Hunk 4: EXACT: @@ -171,32 +183,37 @@
 Hunk 5: EXACT: @@ -204,38 +221,45 @@
 Hunk 6: EXACT: @@ -243,48 +267,59 @@
 Hunk 7: EXACT: @@ -292,51 +327,53 @@
 Hunk 8: EXACT: @@ -344,100 +381,112 @@
 Hunk 9: EXACT: @@ -445,40 +494,41 @@
 Hunk 10: EXACT: @@ -488,11 +538,11 @@
 Hunk 11: EXACT: @@ -502,56 +552,51 @@
 Hunk 12: EXACT: @@ -560,27 +605,27 @@
 Hunk 13: EXACT: @@ -588,7 +633,7 @@
 Hunk 14: EXACT: @@ -599,20 +644,22 @@
 Hunk 15: EXACT: @@ -629,44 +676,42 @@
 Hunk 16: EXACT: @@ -674,12 +719,12 @@
 Hunk 17: EXACT: @@ -691,8 +736,9 @@
 Hunk 18: EXACT: @@ -715,8 +761,14 @@
 Hunk 19: EXACT: @@ -732,7 +784,7 @@
 Hunk 20: EXACT: @@ -752,7 +804,7 @@
Patching: net/minecraft/world/entity/monster/warden/AngerManagement.java
 Hunk 0: EXACT: @@ -145,7 +145,7 @@
Patching: net/minecraft/world/entity/monster/warden/Warden.java
 Hunk 0: EXACT: @@ -2,8 +2,10 @@
 Hunk 1: EXACT: @@ -70,6 +72,7 @@
 Hunk 2: EXACT: @@ -104,12 +107,11 @@
 Hunk 3: EXACT: @@ -122,7 +124,7 @@
 Hunk 4: EXACT: @@ -169,7 +171,7 @@
 Hunk 5: EXACT: @@ -205,7 +207,7 @@
 Hunk 6: EXACT: @@ -214,22 +216,25 @@
 Hunk 7: EXACT: @@ -267,17 +272,18 @@
 Hunk 8: EXACT: @@ -300,28 +306,31 @@
 Hunk 9: EXACT: @@ -330,7 +339,7 @@
 Hunk 10: EXACT: @@ -361,7 +370,7 @@
 Hunk 11: EXACT: @@ -372,9 +381,12 @@
 Hunk 12: EXACT: @@ -391,44 +403,67 @@
 Hunk 13: EXACT: @@ -460,10 +495,20 @@
 Hunk 14: EXACT: @@ -481,7 +526,7 @@
 Hunk 15: EXACT: @@ -495,7 +540,7 @@
 Hunk 16: EXACT: @@ -504,19 +549,22 @@
 Hunk 17: EXACT: @@ -527,8 +575,9 @@
 Hunk 18: EXACT: @@ -550,15 +599,20 @@
 Hunk 19: EXACT: @@ -568,14 +622,15 @@
 Hunk 20: EXACT: @@ -591,8 +646,9 @@
Patching: net/minecraft/world/entity/npc/AbstractVillager.java
 Hunk 0: EXACT: @@ -1,6 +1,7 @@
 Hunk 1: EXACT: @@ -34,8 +35,23 @@
 Hunk 2: EXACT: @@ -43,7 +59,7 @@
 Hunk 3: EXACT: @@ -57,15 +73,15 @@
 Hunk 4: EXACT: @@ -81,7 +97,7 @@
 Hunk 5: EXACT: @@ -99,6 +115,13 @@
 Hunk 6: EXACT: @@ -110,20 +133,31 @@
 Hunk 7: EXACT: @@ -160,9 +194,10 @@
 Hunk 8: EXACT: @@ -186,7 +221,7 @@
 Hunk 9: EXACT: @@ -196,11 +231,12 @@
 Hunk 10: EXACT: @@ -217,29 +253,48 @@
 Hunk 11: EXACT: @@ -247,9 +302,10 @@
Patching: net/minecraft/world/entity/npc/InventoryCarrier.java
 Hunk 0: EXACT: @@ -6,25 +6,36 @@
Patching: net/minecraft/world/entity/npc/Villager.java
 Hunk 0: EXACT: @@ -9,8 +9,10 @@
 Hunk 1: EXACT: @@ -88,13 +90,21 @@
 Hunk 2: EXACT: @@ -110,7 +120,7 @@
 Hunk 3: EXACT: @@ -118,15 +128,15 @@
 Hunk 4: EXACT: @@ -136,7 +146,8 @@
 Hunk 5: EXACT: @@ -144,46 +155,49 @@
 Hunk 6: EXACT: @@ -194,7 +208,7 @@
 Hunk 7: EXACT: @@ -207,10 +221,33 @@
 Hunk 8: EXACT: @@ -224,26 +261,28 @@
 Hunk 9: EXACT: @@ -260,22 +299,24 @@
 Hunk 10: EXACT: @@ -306,9 +347,10 @@
 Hunk 11: EXACT: @@ -321,8 +363,12 @@
 Hunk 12: EXACT: @@ -339,9 +385,18 @@
 Hunk 13: EXACT: @@ -349,13 +404,19 @@
 Hunk 14: EXACT: @@ -363,19 +424,21 @@
 Hunk 15: EXACT: @@ -384,41 +447,66 @@
 Hunk 16: EXACT: @@ -427,17 +515,21 @@
 Hunk 17: EXACT: @@ -452,8 +544,11 @@
 Hunk 18: EXACT: @@ -464,8 +559,9 @@
 Hunk 19: EXACT: @@ -474,7 +570,7 @@
 Hunk 20: EXACT: @@ -492,11 +588,7 @@
 Hunk 21: EXACT: @@ -510,31 +602,34 @@
 Hunk 22: EXACT: @@ -544,13 +639,13 @@
 Hunk 23: EXACT: @@ -560,9 +655,9 @@
 Hunk 24: EXACT: @@ -571,8 +666,9 @@
 Hunk 25: EXACT: @@ -589,29 +685,38 @@
 Hunk 26: EXACT: @@ -630,14 +735,16 @@
 Hunk 27: EXACT: @@ -652,7 +759,7 @@
 Hunk 28: EXACT: @@ -672,6 +779,7 @@
 Hunk 29: EXACT: @@ -682,7 +790,9 @@
 Hunk 30: EXACT: @@ -720,37 +830,53 @@
 Hunk 31: EXACT: @@ -767,7 +893,8 @@
 Hunk 32: EXACT: @@ -779,9 +906,10 @@
 Hunk 33: EXACT: @@ -791,13 +919,16 @@
 Hunk 34: EXACT: @@ -812,24 +943,26 @@
 Hunk 35: EXACT: @@ -837,16 +970,21 @@
 Hunk 36: EXACT: @@ -878,7 +1016,7 @@
 Hunk 37: EXACT: @@ -890,7 +1028,7 @@
 Hunk 38: EXACT: @@ -898,15 +1036,12 @@
Patching: net/minecraft/world/entity/npc/VillagerTrades.java
 Hunk 0: EXACT: @@ -386,7 +386,8 @@
Patching: net/minecraft/world/entity/npc/WanderingTrader.java
 Hunk 0: EXACT: @@ -43,25 +43,37 @@
 Hunk 1: EXACT: @@ -93,8 +105,9 @@
 Hunk 2: EXACT: @@ -116,16 +129,28 @@
 Hunk 3: EXACT: @@ -164,7 +189,8 @@
 Hunk 4: EXACT: @@ -232,40 +258,44 @@
Patching: net/minecraft/world/entity/npc/WanderingTraderSpawner.java
 Hunk 0: EXACT: @@ -1,11 +1,13 @@
 Hunk 1: EXACT: @@ -25,6 +27,7 @@
 Hunk 2: EXACT: @@ -40,42 +43,53 @@
 Hunk 3: EXACT: @@ -86,37 +100,40 @@
 Hunk 4: EXACT: @@ -126,40 +143,49 @@
Patching: net/minecraft/world/entity/player/Inventory.java
 Hunk 0: EXACT: @@ -1,6 +1,7 @@
 Hunk 1: EXACT: @@ -17,13 +18,21 @@
 Hunk 2: EXACT: @@ -31,20 +40,72 @@
 Hunk 3: EXACT: @@ -55,9 +116,31 @@
 Hunk 4: EXACT: @@ -67,15 +150,17 @@
 Hunk 5: EXACT: @@ -89,9 +174,10 @@
 Hunk 6: EXACT: @@ -99,8 +185,8 @@
 Hunk 7: EXACT: @@ -109,9 +195,10 @@
 Hunk 8: EXACT: @@ -120,17 +207,20 @@
 Hunk 9: EXACT: @@ -138,33 +228,37 @@
 Hunk 10: EXACT: @@ -174,33 +268,35 @@
 Hunk 11: EXACT: @@ -210,8 +306,8 @@
 Hunk 12: EXACT: @@ -221,10 +317,14 @@
 Hunk 13: EXACT: @@ -247,7 +347,7 @@
 Hunk 14: EXACT: @@ -257,32 +357,34 @@
 Hunk 15: EXACT: @@ -292,17 +394,19 @@
 Hunk 16: EXACT: @@ -318,23 +422,28 @@
 Hunk 17: EXACT: @@ -344,21 +453,23 @@
 Hunk 18: EXACT: @@ -366,52 +477,56 @@
 Hunk 19: EXACT: @@ -423,17 +538,18 @@
 Hunk 20: EXACT: @@ -447,41 +563,56 @@
 Hunk 21: EXACT: @@ -490,21 +621,26 @@
 Hunk 22: EXACT: @@ -513,11 +649,16 @@
 Hunk 23: EXACT: @@ -536,17 +677,20 @@
 Hunk 24: EXACT: @@ -556,9 +700,16 @@
 Hunk 25: EXACT: @@ -568,7 +719,7 @@
 Hunk 26: EXACT: @@ -577,21 +728,30 @@
Patching: net/minecraft/world/entity/player/Player.java
 Hunk 0: EXACT: @@ -6,10 +6,13 @@
 Hunk 1: EXACT: @@ -27,6 +30,7 @@
 Hunk 2: EXACT: @@ -110,10 +114,20 @@
 Hunk 3: EXACT: @@ -125,7 +139,8 @@
 Hunk 4: EXACT: @@ -135,10 +150,10 @@
 Hunk 5: EXACT: @@ -163,20 +178,36 @@
 Hunk 6: EXACT: @@ -188,24 +219,25 @@
 Hunk 7: EXACT: @@ -221,6 +253,11 @@
 Hunk 8: EXACT: @@ -238,7 +275,7 @@
 Hunk 9: EXACT: @@ -262,20 +299,22 @@
 Hunk 10: EXACT: @@ -301,9 +340,10 @@
 Hunk 11: EXACT: @@ -316,74 +356,77 @@
 Hunk 12: EXACT: @@ -417,8 +460,7 @@
 Hunk 13: EXACT: @@ -447,15 +489,28 @@
 Hunk 14: EXACT: @@ -466,13 +521,14 @@
 Hunk 15: EXACT: @@ -491,7 +547,8 @@
 Hunk 16: EXACT: @@ -507,56 +564,60 @@
 Hunk 17: EXACT: @@ -569,16 +630,17 @@
 Hunk 18: EXACT: @@ -599,7 +661,7 @@
 Hunk 19: EXACT: @@ -623,9 +685,10 @@
 Hunk 20: EXACT: @@ -634,15 +697,7 @@
 Hunk 21: EXACT: @@ -657,71 +712,126 @@
 Hunk 22: EXACT: @@ -743,8 +853,9 @@
 Hunk 23: EXACT: @@ -758,13 +869,17 @@
 Hunk 24: EXACT: @@ -778,7 +893,11 @@
 Hunk 25: EXACT: @@ -789,15 +908,19 @@
 Hunk 26: EXACT: @@ -809,28 +932,20 @@
 Hunk 27: EXACT: @@ -845,12 +960,12 @@
 Hunk 28: EXACT: @@ -862,7 +977,13 @@
 Hunk 29: EXACT: @@ -882,13 +1003,29 @@
 Hunk 30: EXACT: @@ -910,12 +1047,13 @@
 Hunk 31: EXACT: @@ -929,29 +1067,39 @@
 Hunk 32: EXACT: @@ -959,64 +1107,58 @@
 Hunk 33: EXACT: @@ -1032,13 +1174,19 @@
 Hunk 34: EXACT: @@ -1049,200 +1197,259 @@
 Hunk 35: EXACT: @@ -1256,7 +1463,8 @@
 Hunk 36: EXACT: @@ -1264,28 +1472,26 @@
 Hunk 37: EXACT: @@ -1318,11 +1524,16 @@
 Hunk 38: EXACT: @@ -1330,7 +1541,7 @@
 Hunk 39: EXACT: @@ -1342,12 +1553,14 @@
 Hunk 40: EXACT: @@ -1356,9 +1569,10 @@
 Hunk 41: EXACT: @@ -1370,8 +1584,7 @@
 Hunk 42: EXACT: @@ -1385,18 +1598,15 @@
 Hunk 43: EXACT: @@ -1407,42 +1617,52 @@
 Hunk 44: EXACT: @@ -1461,54 +1681,56 @@
 Hunk 45: EXACT: @@ -1517,9 +1739,11 @@
 Hunk 46: EXACT: @@ -1542,7 +1766,7 @@
 Hunk 47: EXACT: @@ -1551,8 +1775,9 @@
 Hunk 48: EXACT: @@ -1562,12 +1787,24 @@
 Hunk 49: EXACT: @@ -1599,24 +1836,25 @@
 Hunk 50: EXACT: @@ -1644,26 +1882,42 @@
 Hunk 51: EXACT: @@ -1693,9 +1947,10 @@
 Hunk 52: EXACT: @@ -1703,6 +1958,7 @@
 Hunk 53: EXACT: @@ -1721,11 +1977,10 @@
 Hunk 54: EXACT: @@ -1738,13 +1993,7 @@
 Hunk 55: EXACT: @@ -1754,13 +2003,20 @@
 Hunk 56: EXACT: @@ -1771,7 +2027,7 @@
 Hunk 57: EXACT: @@ -1799,27 +2055,56 @@
 Hunk 58: EXACT: @@ -1842,14 +2127,16 @@
 Hunk 59: EXACT: @@ -1878,16 +2165,16 @@
 Hunk 60: EXACT: @@ -1895,8 +2182,9 @@
 Hunk 61: EXACT: @@ -1915,35 +2203,35 @@
 Hunk 62: EXACT: @@ -1960,7 +2248,7 @@
 Hunk 63: EXACT: @@ -1969,13 +2257,14 @@
 Hunk 64: EXACT: @@ -1983,22 +2272,35 @@
 Hunk 65: EXACT: @@ -2011,9 +2313,9 @@
 Hunk 66: EXACT: @@ -2026,32 +2328,38 @@
 Hunk 67: EXACT: @@ -2078,12 +2386,8 @@
 Hunk 68: EXACT: @@ -2092,8 +2396,8 @@
Patching: net/minecraft/world/entity/projectile/AbstractArrow.java
 Hunk 0: EXACT: @@ -3,6 +3,8 @@
 Hunk 1: EXACT: @@ -28,6 +30,7 @@
 Hunk 2: EXACT: @@ -42,8 +45,12 @@
 Hunk 3: EXACT: @@ -54,19 +61,34 @@
 Hunk 4: EXACT: @@ -75,7 +97,7 @@
 Hunk 5: EXACT: @@ -89,19 +111,20 @@
 Hunk 6: EXACT: @@ -125,25 +148,33 @@
 Hunk 7: EXACT: @@ -155,12 +186,12 @@
 Hunk 8: EXACT: @@ -168,94 +199,129 @@
 Hunk 9: EXACT: @@ -270,7 +336,7 @@
 Hunk 10: EXACT: @@ -291,8 +357,9 @@
 Hunk 11: EXACT: @@ -311,66 +378,79 @@
 Hunk 12: EXACT: @@ -380,7 +460,7 @@
 Hunk 13: EXACT: @@ -399,15 +479,17 @@
 Hunk 14: EXACT: @@ -421,8 +503,7 @@
 Hunk 15: EXACT: @@ -437,14 +518,14 @@
 Hunk 16: EXACT: @@ -470,7 +551,7 @@
 Hunk 17: EXACT: @@ -480,7 +561,7 @@
 Hunk 18: EXACT: @@ -488,7 +569,22 @@
 Hunk 19: EXACT: @@ -545,39 +641,43 @@
 Hunk 20: EXACT: @@ -600,11 +700,7 @@
 Hunk 21: EXACT: @@ -612,9 +708,10 @@
Patching: net/minecraft/world/entity/projectile/AbstractHurtingProjectile.java
 Hunk 0: EXACT: @@ -11,13 +11,18 @@
 Hunk 1: EXACT: @@ -27,11 +32,18 @@
 Hunk 2: EXACT: @@ -43,55 +55,75 @@
 Hunk 3: EXACT: @@ -122,11 +154,12 @@
 Hunk 4: EXACT: @@ -149,13 +182,20 @@
 Hunk 5: EXACT: @@ -175,20 +215,22 @@
Patching: net/minecraft/world/entity/projectile/Arrow.java
 Hunk 0: EXACT: @@ -2,6 +2,7 @@
 Hunk 1: EXACT: @@ -22,37 +23,50 @@
 Hunk 2: EXACT: @@ -61,35 +75,36 @@
 Hunk 3: EXACT: @@ -104,35 +119,55 @@
 Hunk 4: EXACT: @@ -147,13 +182,16 @@
 Hunk 5: EXACT: @@ -165,8 +203,12 @@
 Hunk 6: EXACT: @@ -181,14 +223,21 @@
 Hunk 7: EXACT: @@ -199,14 +248,15 @@
 Hunk 8: EXACT: @@ -214,13 +264,14 @@
Patching: net/minecraft/world/entity/projectile/DragonFireball.java
 Hunk 0: EXACT: @@ -52,8 +52,10 @@
Patching: net/minecraft/world/entity/projectile/EvokerFangs.java
 Hunk 0: EXACT: @@ -1,5 +1,7 @@
 Hunk 1: EXACT: @@ -15,12 +17,13 @@
 Hunk 2: EXACT: @@ -29,19 +32,19 @@
 Hunk 3: EXACT: @@ -51,9 +54,10 @@
 Hunk 4: EXACT: @@ -85,26 +89,32 @@
 Hunk 5: EXACT: @@ -116,16 +126,19 @@
 Hunk 6: EXACT: @@ -148,7 +161,8 @@
Patching: net/minecraft/world/entity/projectile/EyeOfEnder.java
 Hunk 0: EXACT: @@ -20,6 +20,7 @@
 Hunk 1: EXACT: @@ -37,68 +38,79 @@
 Hunk 2: EXACT: @@ -108,41 +120,45 @@
 Hunk 3: EXACT: @@ -154,24 +170,26 @@
Patching: net/minecraft/world/entity/projectile/Fireball.java
 Hunk 0: EXACT: @@ -12,6 +12,7 @@
 Hunk 1: EXACT: @@ -27,35 +28,37 @@
 Hunk 2: EXACT: @@ -63,7 +66,8 @@
Patching: net/minecraft/world/entity/projectile/FireworkRocketEntity.java
 Hunk 0: EXACT: @@ -1,5 +1,7 @@
 Hunk 1: EXACT: @@ -26,8 +28,10 @@
 Hunk 2: EXACT: @@ -35,6 +39,7 @@
 Hunk 3: EXACT: @@ -45,8 +50,9 @@
 Hunk 4: EXACT: @@ -61,13 +67,13 @@
 Hunk 5: EXACT: @@ -75,11 +81,27 @@
 Hunk 6: EXACT: @@ -95,53 +117,58 @@
 Hunk 7: EXACT: @@ -150,13 +177,17 @@
 Hunk 8: EXACT: @@ -166,61 +197,82 @@
 Hunk 9: EXACT: @@ -229,25 +281,26 @@
 Hunk 10: EXACT: @@ -259,12 +312,18 @@
 Hunk 11: EXACT: @@ -272,21 +331,27 @@
Patching: net/minecraft/world/entity/projectile/FishingHook.java
 Hunk 0: EXACT: @@ -2,6 +2,7 @@
 Hunk 1: EXACT: @@ -26,7 +27,6 @@
 Hunk 2: EXACT: @@ -44,9 +44,16 @@
 Hunk 3: EXACT: @@ -57,64 +64,80 @@
 Hunk 4: EXACT: @@ -123,22 +146,23 @@
 Hunk 5: EXACT: @@ -150,13 +174,15 @@
 Hunk 6: EXACT: @@ -164,7 +190,7 @@
 Hunk 7: EXACT: @@ -177,7 +203,7 @@
 Hunk 8: EXACT: @@ -186,27 +212,28 @@
 Hunk 9: EXACT: @@ -214,7 +241,7 @@
 Hunk 10: EXACT: @@ -224,18 +251,20 @@
 Hunk 11: EXACT: @@ -244,8 +273,9 @@
 Hunk 12: EXACT: @@ -270,18 +300,19 @@
 Hunk 13: EXACT: @@ -290,107 +321,135 @@
 Hunk 14: EXACT: @@ -401,39 +460,74 @@
 Hunk 15: EXACT: @@ -441,8 +535,25 @@
 Hunk 16: EXACT: @@ -453,7 +564,7 @@
 Hunk 17: EXACT: @@ -461,10 +572,12 @@
 Hunk 18: EXACT: @@ -475,13 +588,13 @@
 Hunk 19: EXACT: @@ -491,17 +604,19 @@
 Hunk 20: EXACT: @@ -517,6 +632,7 @@
 Hunk 21: EXACT: @@ -525,21 +641,24 @@
Patching: net/minecraft/world/entity/projectile/LargeFireball.java
 Hunk 0: EXACT: @@ -10,25 +10,38 @@
 Hunk 1: EXACT: @@ -39,10 +52,11 @@
 Hunk 2: EXACT: @@ -51,14 +65,15 @@
Patching: net/minecraft/world/entity/projectile/LlamaSpit.java
 Hunk 0: EXACT: @@ -16,6 +16,7 @@
 Hunk 1: EXACT: @@ -23,32 +24,35 @@
 Hunk 2: EXACT: @@ -56,8 +60,9 @@
 Hunk 3: EXACT: @@ -72,21 +77,21 @@
Patching: net/minecraft/world/entity/projectile/Projectile.java
 Hunk 0: EXACT: @@ -1,6 +1,7 @@
 Hunk 1: EXACT: @@ -20,8 +21,12 @@
 Hunk 2: EXACT: @@ -29,6 +34,10 @@
 Hunk 3: EXACT: @@ -38,6 +47,7 @@
 Hunk 4: EXACT: @@ -46,7 +56,19 @@
 Hunk 5: EXACT: @@ -54,7 +76,7 @@
 Hunk 6: EXACT: @@ -78,6 +100,7 @@
 Hunk 7: EXACT: @@ -100,11 +123,16 @@
 Hunk 8: EXACT: @@ -114,53 +142,76 @@
 Hunk 9: EXACT: @@ -170,26 +221,35 @@
 Hunk 10: EXACT: @@ -199,6 +259,7 @@
 Hunk 11: EXACT: @@ -206,6 +267,7 @@
 Hunk 12: EXACT: @@ -215,10 +277,7 @@
Patching: net/minecraft/world/entity/projectile/ShulkerBullet.java
 Hunk 0: EXACT: @@ -29,6 +29,7 @@
 Hunk 1: EXACT: @@ -49,15 +50,29 @@
 Hunk 2: EXACT: @@ -99,8 +114,7 @@
 Hunk 3: EXACT: @@ -112,73 +126,77 @@
 Hunk 4: EXACT: @@ -196,38 +214,39 @@
 Hunk 5: EXACT: @@ -237,14 +256,16 @@
 Hunk 6: EXACT: @@ -276,13 +297,14 @@
 Hunk 7: EXACT: @@ -291,7 +313,7 @@
 Hunk 8: EXACT: @@ -308,9 +330,14 @@
 Hunk 9: EXACT: @@ -320,9 +347,10 @@
Patching: net/minecraft/world/entity/projectile/SmallFireball.java
 Hunk 0: EXACT: @@ -12,14 +12,21 @@
 Hunk 1: EXACT: @@ -31,13 +38,21 @@
 Hunk 2: EXACT: @@ -48,10 +63,12 @@
Patching: net/minecraft/world/entity/projectile/SpectralArrow.java
 Hunk 0: EXACT: @@ -11,6 +11,7 @@
 Hunk 1: EXACT: @@ -42,8 +43,9 @@
Patching: net/minecraft/world/entity/projectile/ThrowableItemProjectile.java
 Hunk 0: EXACT: @@ -12,6 +12,7 @@
 Hunk 1: EXACT: @@ -28,8 +29,8 @@
 Hunk 2: EXACT: @@ -37,27 +38,35 @@
 Hunk 3: EXACT: @@ -65,7 +74,8 @@
Patching: net/minecraft/world/entity/projectile/ThrowableProjectile.java
 Hunk 0: EXACT: @@ -10,10 +10,12 @@
 Hunk 1: EXACT: @@ -24,71 +26,89 @@
Patching: net/minecraft/world/entity/projectile/ThrownEgg.java
 Hunk 0: EXACT: @@ -2,36 +2,42 @@
 Hunk 1: EXACT: @@ -47,21 +53,51 @@
Patching: net/minecraft/world/entity/projectile/ThrownEnderpearl.java
 Hunk 0: EXACT: @@ -16,8 +16,15 @@
 Hunk 1: EXACT: @@ -41,29 +48,45 @@
 Hunk 2: EXACT: @@ -78,6 +101,7 @@
 Hunk 3: EXACT: @@ -90,8 +114,9 @@
Patching: net/minecraft/world/entity/projectile/ThrownExperienceBottle.java
 Hunk 0: EXACT: @@ -12,6 +12,7 @@
 Hunk 1: EXACT: @@ -38,9 +39,19 @@
Patching: net/minecraft/world/entity/projectile/ThrownPotion.java
 Hunk 0: EXACT: @@ -1,11 +1,13 @@
 Hunk 1: EXACT: @@ -13,7 +15,6 @@
 Hunk 2: EXACT: @@ -24,23 +25,32 @@
 Hunk 3: EXACT: @@ -62,19 +72,23 @@
 Hunk 4: EXACT: @@ -85,69 +99,137 @@
 Hunk 5: EXACT: @@ -157,28 +239,40 @@
 Hunk 6: EXACT: @@ -186,15 +280,28 @@
Patching: net/minecraft/world/entity/projectile/ThrownTrident.java
 Hunk 0: EXACT: @@ -24,28 +24,31 @@
 Hunk 1: EXACT: @@ -55,8 +58,9 @@
 Hunk 2: EXACT: @@ -65,14 +69,16 @@
 Hunk 3: EXACT: @@ -86,11 +92,8 @@
 Hunk 4: EXACT: @@ -99,9 +102,23 @@
 Hunk 5: EXACT: @@ -112,45 +129,54 @@
 Hunk 6: EXACT: @@ -183,7 +209,7 @@
 Hunk 7: EXACT: @@ -195,8 +221,9 @@
Patching: net/minecraft/world/entity/projectile/WitherSkull.java
 Hunk 0: EXACT: @@ -20,8 +20,10 @@
 Hunk 1: EXACT: @@ -52,32 +54,35 @@
 Hunk 2: EXACT: @@ -88,8 +93,17 @@
 Hunk 3: EXACT: @@ -107,15 +121,15 @@
Patching: net/minecraft/world/entity/raid/Raid.java
 Hunk 0: EXACT: @@ -4,10 +4,12 @@
 Hunk 1: EXACT: @@ -58,6 +60,7 @@
 Hunk 2: EXACT: @@ -79,8 +82,8 @@
 Hunk 3: EXACT: @@ -96,16 +99,19 @@
 Hunk 4: EXACT: @@ -117,6 +123,9 @@
 Hunk 5: EXACT: @@ -132,10 +141,10 @@
 Hunk 6: EXACT: @@ -165,15 +174,24 @@
 Hunk 7: EXACT: @@ -192,25 +210,33 @@
 Hunk 8: EXACT: @@ -231,7 +257,7 @@
 Hunk 9: EXACT: @@ -246,14 +272,16 @@
 Hunk 10: EXACT: @@ -268,41 +296,42 @@
 Hunk 11: EXACT: @@ -310,7 +339,11 @@
 Hunk 12: EXACT: @@ -319,32 +352,34 @@
 Hunk 13: EXACT: @@ -355,19 +390,27 @@
 Hunk 14: EXACT: @@ -375,6 +418,7 @@
 Hunk 15: EXACT: @@ -384,9 +428,9 @@
 Hunk 16: EXACT: @@ -396,16 +440,20 @@
 Hunk 17: EXACT: @@ -413,11 +461,7 @@
 Hunk 18: EXACT: @@ -438,95 +482,118 @@
 Hunk 19: EXACT: @@ -536,21 +603,23 @@
 Hunk 20: EXACT: @@ -562,10 +631,15 @@
 Hunk 21: EXACT: @@ -581,15 +655,17 @@
 Hunk 22: EXACT: @@ -602,36 +678,39 @@
 Hunk 23: EXACT: @@ -644,21 +723,24 @@
 Hunk 24: EXACT: @@ -674,7 +756,7 @@
 Hunk 25: EXACT: @@ -699,13 +781,14 @@
 Hunk 26: EXACT: @@ -713,16 +796,16 @@
 Hunk 27: EXACT: @@ -750,13 +833,16 @@
 Hunk 28: EXACT: @@ -775,37 +861,41 @@
 Hunk 29: EXACT: @@ -813,20 +903,17 @@
Patching: net/minecraft/world/entity/raid/Raider.java
 Hunk 0: EXACT: @@ -2,6 +2,7 @@
 Hunk 1: EXACT: @@ -43,9 +44,10 @@
 Hunk 2: EXACT: @@ -62,14 +64,14 @@
 Hunk 3: EXACT: @@ -86,17 +88,20 @@
 Hunk 4: EXACT: @@ -116,6 +121,7 @@
 Hunk 5: EXACT: @@ -128,33 +134,38 @@
 Hunk 6: EXACT: @@ -190,11 +201,11 @@
 Hunk 7: EXACT: @@ -215,7 +226,7 @@
 Hunk 8: EXACT: @@ -230,19 +241,21 @@
 Hunk 9: EXACT: @@ -288,89 +301,28 @@
 Hunk 10: EXACT: @@ -384,55 +336,17 @@
 Hunk 11: EXACT: @@ -458,31 +372,28 @@
 Hunk 12: EXACT: @@ -492,37 +403,44 @@
 Hunk 13: EXACT: @@ -532,4 +450,125 @@
Patching: net/minecraft/world/entity/raid/Raids.java
 Hunk 0: EXACT: @@ -26,6 +26,7 @@
 Hunk 1: EXACT: @@ -39,15 +40,16 @@
 Hunk 2: EXACT: @@ -68,11 +70,7 @@
 Hunk 3: EXACT: @@ -82,49 +80,67 @@
 Hunk 4: EXACT: @@ -139,37 +155,43 @@
 Hunk 5: EXACT: @@ -184,13 +206,16 @@
Patching: net/minecraft/world/entity/vehicle/AbstractMinecart.java
 Hunk 0: EXACT: @@ -3,7 +3,9 @@
 Hunk 1: EXACT: @@ -45,8 +47,17 @@
 Hunk 2: EXACT: @@ -56,25 +67,26 @@
 Hunk 3: EXACT: @@ -86,6 +98,17 @@
 Hunk 4: EXACT: @@ -100,19 +123,7 @@
 Hunk 5: EXACT: @@ -122,12 +133,12 @@
 Hunk 6: EXACT: @@ -136,7 +147,7 @@
 Hunk 7: EXACT: @@ -152,48 +163,64 @@
 Hunk 8: EXACT: @@ -208,15 +235,38 @@
 Hunk 9: EXACT: @@ -232,19 +282,21 @@
 Hunk 10: EXACT: @@ -264,7 +316,7 @@
 Hunk 11: EXACT: @@ -274,6 +326,14 @@
 Hunk 12: EXACT: @@ -283,17 +343,20 @@
 Hunk 13: EXACT: @@ -302,23 +365,25 @@
 Hunk 14: EXACT: @@ -326,38 +391,84 @@
 Hunk 15: EXACT: @@ -373,182 +484,207 @@
 Hunk 16: EXACT: @@ -559,14 +695,15 @@
 Hunk 17: EXACT: @@ -574,32 +711,36 @@
 Hunk 18: EXACT: @@ -613,42 +754,46 @@
 Hunk 19: EXACT: @@ -660,8 +805,9 @@
 Hunk 20: EXACT: @@ -687,56 +833,70 @@
 Hunk 21: EXACT: @@ -750,8 +910,8 @@
 Hunk 22: EXACT: @@ -765,33 +925,33 @@
 Hunk 23: EXACT: @@ -799,7 +959,7 @@
 Hunk 24: EXACT: @@ -807,21 +967,21 @@
 Hunk 25: EXACT: @@ -832,6 +992,7 @@
 Hunk 26: EXACT: @@ -856,12 +1017,31 @@
Patching: net/minecraft/world/entity/vehicle/AbstractMinecartContainer.java
 Hunk 0: EXACT: @@ -4,6 +4,7 @@
 Hunk 1: EXACT: @@ -16,19 +17,84 @@
 Hunk 2: EXACT: @@ -63,8 +129,7 @@
 Hunk 3: EXACT: @@ -74,7 +139,7 @@
 Hunk 4: EXACT: @@ -83,12 +148,14 @@
 Hunk 5: EXACT: @@ -100,16 +167,18 @@
Patching: net/minecraft/world/entity/vehicle/Boat.java
 Hunk 0: EXACT: @@ -1,6 +1,8 @@
 Hunk 1: EXACT: @@ -35,6 +37,7 @@
 Hunk 2: EXACT: @@ -47,8 +50,17 @@
 Hunk 3: EXACT: @@ -59,10 +71,10 @@
 Hunk 4: EXACT: @@ -78,7 +90,7 @@
 Hunk 5: EXACT: @@ -87,8 +99,17 @@
 Hunk 6: EXACT: @@ -112,18 +133,18 @@
 Hunk 7: EXACT: @@ -136,7 +157,7 @@
 Hunk 8: EXACT: @@ -155,14 +176,37 @@
 Hunk 9: EXACT: @@ -176,7 +220,7 @@
 Hunk 10: EXACT: @@ -189,7 +233,7 @@
 Hunk 11: EXACT: @@ -199,11 +243,32 @@
 Hunk 12: EXACT: @@ -246,8 +311,8 @@
 Hunk 13: EXACT: @@ -256,6 +321,7 @@
 Hunk 14: EXACT: @@ -296,35 +362,55 @@
 Hunk 15: EXACT: @@ -336,8 +422,10 @@
 Hunk 16: EXACT: @@ -346,27 +434,29 @@
 Hunk 17: EXACT: @@ -398,36 +488,39 @@
 Hunk 18: EXACT: @@ -438,66 +531,83 @@
 Hunk 19: EXACT: @@ -505,90 +615,95 @@
 Hunk 20: EXACT: @@ -599,12 +714,14 @@
 Hunk 21: EXACT: @@ -613,6 +730,7 @@
 Hunk 22: EXACT: @@ -634,7 +752,7 @@
 Hunk 23: EXACT: @@ -647,9 +765,11 @@
 Hunk 24: EXACT: @@ -661,15 +781,17 @@
 Hunk 25: EXACT: @@ -677,28 +799,38 @@
 Hunk 26: EXACT: @@ -710,9 +842,10 @@
 Hunk 27: EXACT: @@ -736,17 +869,7 @@
 Hunk 28: EXACT: @@ -762,53 +885,61 @@
 Hunk 29: EXACT: @@ -816,19 +947,19 @@
 Hunk 30: EXACT: @@ -868,29 +999,16 @@
 Hunk 31: EXACT: @@ -901,30 +1019,37 @@
Patching: net/minecraft/world/entity/vehicle/ChestBoat.java
 Hunk 0: EXACT: @@ -4,6 +4,7 @@
 Hunk 1: EXACT: @@ -22,24 +23,33 @@
 Hunk 2: EXACT: @@ -55,12 +65,14 @@
 Hunk 3: EXACT: @@ -73,7 +85,7 @@
 Hunk 4: EXACT: @@ -96,31 +108,32 @@
 Hunk 5: EXACT: @@ -159,8 +172,7 @@
 Hunk 6: EXACT: @@ -212,4 +224,65 @@
Patching: net/minecraft/world/entity/vehicle/ContainerEntity.java
 Hunk 0: EXACT: @@ -61,7 +61,7 @@
 Hunk 1: EXACT: @@ -72,7 +72,7 @@
 Hunk 2: EXACT: @@ -184,4 +184,13 @@
Patching: net/minecraft/world/entity/vehicle/MinecartCommandBlock.java
 Hunk 0: EXACT: @@ -21,6 +21,7 @@
 Hunk 1: EXACT: @@ -43,16 +44,16 @@
 Hunk 2: EXACT: @@ -92,13 +93,14 @@
 Hunk 3: EXACT: @@ -109,9 +111,12 @@
 Hunk 4: EXACT: @@ -133,5 +138,12 @@
Patching: net/minecraft/world/entity/vehicle/MinecartTNT.java
 Hunk 0: EXACT: @@ -46,6 +46,12 @@
Patching: net/minecraft/world/food/FoodData.java
 Hunk 0: EXACT: @@ -1,6 +1,8 @@
 Hunk 1: EXACT: @@ -9,61 +11,96 @@
Patching: net/minecraft/world/inventory/AbstractContainerMenu.java
 Hunk 0: EXACT: @@ -8,7 +8,9 @@
 Hunk 1: EXACT: @@ -19,6 +21,8 @@
 Hunk 2: EXACT: @@ -30,7 +34,20 @@
 Hunk 3: EXACT: @@ -43,30 +60,63 @@
 Hunk 4: EXACT: @@ -79,16 +129,18 @@
 Hunk 5: EXACT: @@ -111,7 +163,7 @@
 Hunk 6: EXACT: @@ -132,15 +184,17 @@
 Hunk 7: EXACT: @@ -149,52 +203,75 @@
 Hunk 8: EXACT: @@ -202,20 +279,29 @@
 Hunk 9: EXACT: @@ -223,12 +309,14 @@
 Hunk 10: EXACT: @@ -237,8 +325,9 @@
 Hunk 11: EXACT: @@ -268,7 +357,7 @@
 Hunk 12: EXACT: @@ -281,7 +370,7 @@
 Hunk 13: EXACT: @@ -289,76 +378,126 @@
 Hunk 14: EXACT: @@ -367,136 +506,165 @@
 Hunk 15: EXACT: @@ -527,32 +695,37 @@
 Hunk 16: EXACT: @@ -568,8 +741,8 @@
 Hunk 17: EXACT: @@ -577,92 +750,133 @@
 Hunk 18: EXACT: @@ -678,13 +892,7 @@
 Hunk 19: EXACT: @@ -693,18 +901,15 @@
 Hunk 20: EXACT: @@ -721,7 +926,7 @@
 Hunk 21: EXACT: @@ -731,15 +936,16 @@
 Hunk 22: EXACT: @@ -749,6 +955,11 @@
 Hunk 23: EXACT: @@ -763,27 +974,32 @@
Patching: net/minecraft/world/inventory/AbstractFurnaceMenu.java
 Hunk 0: EXACT: @@ -11,8 +11,13 @@
 Hunk 1: EXACT: @@ -28,6 +33,22 @@
 Hunk 2: EXACT: @@ -44,15 +65,18 @@
 Hunk 3: EXACT: @@ -61,7 +85,7 @@
 Hunk 4: EXACT: @@ -99,60 +123,63 @@
 Hunk 5: EXACT: @@ -162,11 +189,13 @@
Patching: net/minecraft/world/inventory/AnvilMenu.java
 Hunk 0: EXACT: @@ -1,6 +1,7 @@
 Hunk 1: EXACT: @@ -16,13 +17,18 @@
 Hunk 2: EXACT: @@ -30,6 +36,11 @@
 Hunk 3: EXACT: @@ -37,6 +48,7 @@
 Hunk 4: EXACT: @@ -47,7 +59,7 @@
 Hunk 5: EXACT: @@ -58,10 +70,11 @@
 Hunk 6: EXACT: @@ -69,20 +82,32 @@
 Hunk 7: EXACT: @@ -90,167 +115,186 @@
 Hunk 8: EXACT: @@ -262,18 +306,34 @@
Patching: net/minecraft/world/inventory/BeaconMenu.java
 Hunk 0: EXACT: @@ -6,12 +6,16 @@
 Hunk 1: EXACT: @@ -19,20 +23,14 @@
 Hunk 2: EXACT: @@ -40,23 +38,37 @@
 Hunk 3: EXACT: @@ -65,9 +77,10 @@
 Hunk 4: EXACT: @@ -75,6 +88,7 @@
 Hunk 5: EXACT: @@ -86,47 +100,49 @@
 Hunk 6: EXACT: @@ -142,13 +158,27 @@
 Hunk 7: EXACT: @@ -157,7 +187,8 @@
 Hunk 8: EXACT: @@ -172,4 +203,17 @@
Patching: net/minecraft/world/inventory/BrewingStandMenu.java
 Hunk 0: EXACT: @@ -11,8 +11,13 @@
 Hunk 1: EXACT: @@ -27,12 +32,18 @@
 Hunk 2: EXACT: @@ -44,76 +55,81 @@
 Hunk 3: EXACT: @@ -124,27 +140,40 @@
 Hunk 4: EXACT: @@ -160,33 +189,37 @@
Patching: net/minecraft/world/inventory/CartographyTableMenu.java
 Hunk 0: EXACT: @@ -5,14 +5,35 @@
 Hunk 1: EXACT: @@ -22,20 +43,8 @@
 Hunk 2: EXACT: @@ -43,6 +52,34 @@
 Hunk 3: EXACT: @@ -63,15 +100,16 @@
 Hunk 4: EXACT: @@ -79,52 +117,58 @@
 Hunk 5: EXACT: @@ -133,13 +177,13 @@
 Hunk 6: EXACT: @@ -153,60 +197,62 @@
Patching: net/minecraft/world/inventory/ChestMenu.java
 Hunk 0: EXACT: @@ -1,15 +1,43 @@
 Hunk 1: EXACT: @@ -53,54 +81,64 @@
Patching: net/minecraft/world/inventory/ContainerLevelAccess.java
 Hunk 0: EXACT: @@ -7,15 +7,48 @@
 Hunk 1: EXACT: @@ -30,8 +63,8 @@
Patching: net/minecraft/world/inventory/CraftingContainer.java
 Hunk 0: EXACT: @@ -1,18 +1,90 @@
 Hunk 1: EXACT: @@ -27,18 +99,24 @@
 Hunk 2: EXACT: @@ -48,12 +126,13 @@
 Hunk 3: EXACT: @@ -63,8 +142,7 @@
 Hunk 4: EXACT: @@ -86,8 +164,12 @@
Patching: net/minecraft/world/inventory/CraftingMenu.java
 Hunk 0: EXACT: @@ -11,10 +11,15 @@
 Hunk 1: EXACT: @@ -22,10 +27,13 @@
 Hunk 2: EXACT: @@ -33,50 +41,61 @@
 Hunk 3: EXACT: @@ -99,63 +118,66 @@
 Hunk 4: EXACT: @@ -192,4 +214,17 @@
Patching: net/minecraft/world/inventory/DispenserMenu.java
 Hunk 0: EXACT: @@ -6,13 +6,23 @@
 Hunk 1: EXACT: @@ -20,62 +30,72 @@
 Hunk 2: EXACT: @@ -83,4 +103,17 @@
Patching: net/minecraft/world/inventory/EnchantmentMenu.java
 Hunk 0: EXACT: @@ -1,11 +1,13 @@
 Hunk 1: EXACT: @@ -14,29 +16,41 @@
 Hunk 2: EXACT: @@ -44,6 +58,25 @@
 Hunk 3: EXACT: @@ -63,14 +96,16 @@
 Hunk 4: EXACT: @@ -83,26 +118,35 @@
 Hunk 5: EXACT: @@ -110,21 +154,58 @@
 Hunk 6: EXACT: @@ -135,71 +216,107 @@
 Hunk 7: EXACT: @@ -208,8 +325,9 @@
 Hunk 8: EXACT: @@ -217,61 +335,78 @@
Patching: net/minecraft/world/inventory/FurnaceResultSlot.java
 Hunk 0: EXACT: @@ -7,6 +7,7 @@
 Hunk 1: EXACT: @@ -45,7 +46,7 @@
Patching: net/minecraft/world/inventory/GrindstoneMenu.java
 Hunk 0: EXACT: @@ -1,13 +1,14 @@
 Hunk 1: EXACT: @@ -16,8 +17,30 @@
 Hunk 2: EXACT: @@ -26,14 +49,8 @@
 Hunk 3: EXACT: @@ -42,6 +59,21 @@
 Hunk 4: EXACT: @@ -62,56 +94,64 @@
 Hunk 5: EXACT: @@ -119,163 +159,178 @@
Patching: net/minecraft/world/inventory/HopperMenu.java
 Hunk 0: EXACT: @@ -6,10 +6,32 @@
 Hunk 1: EXACT: @@ -17,54 +39,60 @@
Patching: net/minecraft/world/inventory/HorseInventoryMenu.java
 Hunk 0: EXACT: @@ -8,17 +8,40 @@
 Hunk 1: EXACT: @@ -46,22 +69,25 @@
 Hunk 2: EXACT: @@ -72,55 +98,59 @@
Patching: net/minecraft/world/inventory/InventoryMenu.java
 Hunk 0: EXACT: @@ -1,6 +1,7 @@
 Hunk 1: EXACT: @@ -11,8 +12,12 @@
 Hunk 2: EXACT: @@ -30,33 +35,51 @@
 Hunk 3: EXACT: @@ -66,30 +89,31 @@
 Hunk 4: EXACT: @@ -141,64 +165,68 @@
 Hunk 5: EXACT: @@ -239,4 +267,17 @@
Patching: net/minecraft/world/inventory/ItemCombinerMenu.java
 Hunk 0: EXACT: @@ -9,6 +9,7 @@
 Hunk 1: EXACT: @@ -56,14 +57,16 @@
 Hunk 2: EXACT: @@ -75,6 +78,7 @@
 Hunk 3: EXACT: @@ -82,15 +86,16 @@
 Hunk 4: EXACT: @@ -100,41 +105,44 @@
Patching: net/minecraft/world/inventory/LecternMenu.java
 Hunk 0: EXACT: @@ -2,10 +2,33 @@
 Hunk 1: EXACT: @@ -15,51 +38,79 @@
 Hunk 2: EXACT: @@ -70,7 +121,7 @@
 Hunk 3: EXACT: @@ -81,7 +132,9 @@
Patching: net/minecraft/world/inventory/LoomMenu.java
 Hunk 0: EXACT: @@ -12,7 +12,6 @@
 Hunk 1: EXACT: @@ -23,38 +22,46 @@
 Hunk 2: EXACT: @@ -62,6 +69,39 @@
 Hunk 3: EXACT: @@ -88,18 +128,19 @@
 Hunk 4: EXACT: @@ -107,29 +148,60 @@
 Hunk 5: EXACT: @@ -138,12 +210,14 @@
 Hunk 6: EXACT: @@ -152,25 +226,29 @@
 Hunk 7: EXACT: @@ -179,9 +257,10 @@
 Hunk 8: EXACT: @@ -191,7 +270,8 @@
 Hunk 9: EXACT: @@ -212,96 +292,106 @@
Patching: net/minecraft/world/inventory/MenuType.java
 Hunk 0: EXACT: @@ -4,36 +4,37 @@
 Hunk 1: EXACT: @@ -44,7 +45,8 @@
Patching: net/minecraft/world/inventory/MerchantContainer.java
 Hunk 0: EXACT: @@ -1,24 +1,76 @@
 Hunk 1: EXACT: @@ -29,32 +81,40 @@
 Hunk 2: EXACT: @@ -92,32 +152,35 @@
Patching: net/minecraft/world/inventory/MerchantMenu.java
 Hunk 0: EXACT: @@ -9,9 +9,12 @@
 Hunk 1: EXACT: @@ -29,6 +32,19 @@
 Hunk 2: EXACT: @@ -40,15 +56,18 @@
 Hunk 3: EXACT: @@ -107,49 +126,68 @@
 Hunk 4: EXACT: @@ -158,21 +196,24 @@
 Hunk 5: EXACT: @@ -180,29 +221,33 @@
 Hunk 6: EXACT: @@ -210,18 +255,20 @@
Patching: net/minecraft/world/inventory/MerchantResultSlot.java
 Hunk 0: EXACT: @@ -47,13 +47,32 @@
Patching: net/minecraft/world/inventory/PlayerEnderChestContainer.java
 Hunk 0: EXACT: @@ -7,13 +7,31 @@
 Hunk 1: EXACT: @@ -26,15 +44,18 @@
 Hunk 2: EXACT: @@ -42,19 +63,21 @@
Patching: net/minecraft/world/inventory/ResultContainer.java
 Hunk 0: EXACT: @@ -1,5 +1,6 @@
 Hunk 1: EXACT: @@ -7,12 +8,55 @@
 Hunk 2: EXACT: @@ -20,18 +64,24 @@
 Hunk 3: EXACT: @@ -50,8 +100,7 @@
Patching: net/minecraft/world/inventory/ShulkerBoxMenu.java
 Hunk 0: EXACT: @@ -6,9 +6,29 @@
 Hunk 1: EXACT: @@ -18,56 +38,63 @@
Patching: net/minecraft/world/inventory/SmithingMenu.java
 Hunk 0: EXACT: @@ -10,12 +10,17 @@
 Hunk 1: EXACT: @@ -43,35 +48,41 @@
 Hunk 2: EXACT: @@ -79,4 +90,18 @@
Patching: net/minecraft/world/inventory/StonecutterMenu.java
 Hunk 0: EXACT: @@ -7,7 +7,6 @@
 Hunk 1: EXACT: @@ -15,7 +14,15 @@
 Hunk 2: EXACT: @@ -23,24 +30,31 @@
 Hunk 3: EXACT: @@ -48,6 +62,27 @@
 Hunk 4: EXACT: @@ -58,19 +93,21 @@
 Hunk 5: EXACT: @@ -78,17 +115,20 @@
 Hunk 6: EXACT: @@ -108,14 +148,37 @@
 Hunk 7: EXACT: @@ -128,12 +191,14 @@
 Hunk 8: EXACT: @@ -148,9 +213,10 @@
 Hunk 9: EXACT: @@ -173,57 +239,59 @@
Patching: net/minecraft/world/item/ArmorItem.java
 Hunk 0: EXACT: @@ -1,12 +1,14 @@
 Hunk 1: EXACT: @@ -24,8 +26,13 @@
 Hunk 2: EXACT: @@ -41,18 +48,46 @@
 Hunk 3: EXACT: @@ -66,13 +101,14 @@
 Hunk 4: EXACT: @@ -98,19 +134,20 @@
Patching: net/minecraft/world/item/ArmorStandItem.java
 Hunk 0: EXACT: @@ -23,40 +23,50 @@
 Hunk 1: EXACT: @@ -64,14 +74,15 @@
Patching: net/minecraft/world/item/BlockItem.java
 Hunk 0: EXACT: @@ -1,7 +1,10 @@
 Hunk 1: EXACT: @@ -10,9 +13,9 @@
 Hunk 2: EXACT: @@ -29,8 +32,13 @@
 Hunk 3: EXACT: @@ -44,12 +52,14 @@
 Hunk 4: EXACT: @@ -57,38 +67,75 @@
 Hunk 5: EXACT: @@ -104,48 +151,73 @@
 Hunk 6: EXACT: @@ -157,24 +229,28 @@
 Hunk 7: EXACT: @@ -219,11 +295,15 @@
Patching: net/minecraft/world/item/BoatItem.java
 Hunk 0: EXACT: @@ -1,5 +1,6 @@
 Hunk 1: EXACT: @@ -14,10 +15,12 @@
 Hunk 2: EXACT: @@ -30,50 +33,71 @@
Patching: net/minecraft/world/item/BoneMealItem.java
 Hunk 0: EXACT: @@ -16,11 +16,13 @@
 Hunk 1: EXACT: @@ -31,24 +33,32 @@
 Hunk 2: EXACT: @@ -56,13 +66,15 @@
 Hunk 3: EXACT: @@ -80,55 +92,64 @@
 Hunk 4: EXACT: @@ -145,36 +166,39 @@
Patching: net/minecraft/world/item/BowItem.java
 Hunk 0: EXACT: @@ -14,6 +14,7 @@
 Hunk 1: EXACT: @@ -23,66 +24,91 @@
 Hunk 2: EXACT: @@ -103,19 +129,20 @@
Patching: net/minecraft/world/item/BucketItem.java
 Hunk 0: EXACT: @@ -5,6 +5,8 @@
 Hunk 1: EXACT: @@ -13,6 +15,7 @@
 Hunk 2: EXACT: @@ -28,8 +31,17 @@
 Hunk 3: EXACT: @@ -39,103 +51,147 @@
 Hunk 4: EXACT: @@ -143,8 +199,9 @@
Patching: net/minecraft/world/item/ChorusFruitItem.java
 Hunk 0: EXACT: @@ -5,6 +5,7 @@
 Hunk 1: EXACT: @@ -13,41 +14,55 @@
Patching: net/minecraft/world/item/CrossbowItem.java
 Hunk 0: EXACT: @@ -19,6 +19,7 @@
 Hunk 1: EXACT: @@ -31,6 +32,7 @@
 Hunk 2: EXACT: @@ -48,68 +50,87 @@
 Hunk 3: EXACT: @@ -121,56 +142,64 @@
 Hunk 4: EXACT: @@ -179,121 +208,151 @@
 Hunk 5: EXACT: @@ -301,12 +360,12 @@
 Hunk 6: EXACT: @@ -314,11 +373,12 @@
 Hunk 7: EXACT: @@ -341,7 +401,8 @@
 Hunk 8: EXACT: @@ -351,16 +412,19 @@
 Hunk 9: EXACT: @@ -372,7 +436,7 @@
Patching: net/minecraft/world/item/DebugStickItem.java
 Hunk 0: EXACT: @@ -1,3 +1,4 @@
 Hunk 1: EXACT: @@ -21,6 +22,7 @@
 Hunk 2: EXACT: @@ -41,46 +43,52 @@
 Hunk 3: EXACT: @@ -89,15 +97,15 @@
Patching: net/minecraft/world/item/DyeItem.java
 Hunk 0: EXACT: @@ -6,27 +6,42 @@
 Hunk 1: EXACT: @@ -42,6 +57,6 @@
Patching: net/minecraft/world/item/EggItem.java
 Hunk 0: EXACT: @@ -10,26 +10,49 @@
Patching: net/minecraft/world/item/EndCrystalItem.java
 Hunk 0: EXACT: @@ -15,42 +15,53 @@
Patching: net/minecraft/world/item/EnderEyeItem.java
 Hunk 0: EXACT: @@ -11,6 +11,7 @@
 Hunk 1: EXACT: @@ -26,36 +27,59 @@
 Hunk 2: EXACT: @@ -67,38 +91,45 @@
Patching: net/minecraft/world/item/EnderpearlItem.java
 Hunk 0: EXACT: @@ -10,27 +10,53 @@
Patching: net/minecraft/world/item/ExperienceBottleItem.java
 Hunk 0: EXACT: @@ -22,18 +22,37 @@
Patching: net/minecraft/world/item/FireChargeItem.java
 Hunk 0: EXACT: @@ -5,6 +5,7 @@
 Hunk 1: EXACT: @@ -17,41 +18,60 @@
Patching: net/minecraft/world/item/FireworkRocketItem.java
 Hunk 0: EXACT: @@ -11,6 +11,7 @@
 Hunk 1: EXACT: @@ -44,8 +45,13 @@
 Hunk 2: EXACT: @@ -57,12 +63,20 @@
Patching: net/minecraft/world/item/FishingRodItem.java
 Hunk 0: EXACT: @@ -11,37 +11,54 @@
Patching: net/minecraft/world/item/FlintAndSteelItem.java
 Hunk 0: EXACT: @@ -6,6 +6,7 @@
 Hunk 1: EXACT: @@ -18,46 +19,67 @@
Patching: net/minecraft/world/item/HangingEntityItem.java
 Hunk 0: EXACT: @@ -5,17 +5,23 @@
 Hunk 1: EXACT: @@ -25,54 +31,70 @@
Patching: net/minecraft/world/item/ItemStack.java
 Hunk 0: EXACT: @@ -10,9 +10,10 @@
 Hunk 1: EXACT: @@ -24,10 +25,12 @@
 Hunk 2: EXACT: @@ -35,12 +38,11 @@
 Hunk 3: EXACT: @@ -54,7 +56,6 @@
 Hunk 4: EXACT: @@ -65,25 +66,58 @@
 Hunk 5: EXACT: @@ -117,12 +151,67 @@
 Hunk 6: EXACT: @@ -131,7 +220,7 @@
 Hunk 7: EXACT: @@ -144,16 +233,32 @@
 Hunk 8: EXACT: @@ -161,34 +266,34 @@
 Hunk 9: EXACT: @@ -219,28 +324,176 @@
 Hunk 10: EXACT: @@ -249,9 +502,10 @@
 Hunk 11: EXACT: @@ -269,8 +523,9 @@
 Hunk 12: EXACT: @@ -292,45 +547,77 @@
 Hunk 13: EXACT: @@ -352,100 +639,74 @@
 Hunk 14: EXACT: @@ -453,22 +714,17 @@
 Hunk 15: EXACT: @@ -484,7 +740,7 @@
 Hunk 16: EXACT: @@ -514,6 +770,17 @@
 Hunk 17: EXACT: @@ -526,9 +793,10 @@
 Hunk 18: EXACT: @@ -551,8 +819,28 @@
 Hunk 19: EXACT: @@ -564,17 +852,19 @@
 Hunk 20: EXACT: @@ -582,21 +872,23 @@
 Hunk 21: EXACT: @@ -608,104 +900,124 @@
 Hunk 22: EXACT: @@ -713,30 +1025,32 @@
 Hunk 23: EXACT: @@ -765,15 +1079,17 @@
 Hunk 24: EXACT: @@ -781,15 +1097,15 @@
 Hunk 25: EXACT: @@ -802,11 +1118,7 @@
 Hunk 26: EXACT: @@ -815,16 +1127,14 @@
 Hunk 27: EXACT: @@ -841,7 +1151,7 @@
 Hunk 28: EXACT: @@ -854,32 +1164,42 @@
 Hunk 29: EXACT: @@ -888,30 +1208,41 @@
 Hunk 30: EXACT: @@ -981,16 +1312,13 @@
Patching: net/minecraft/world/item/LeadItem.java
 Hunk 0: EXACT: @@ -1,8 +1,11 @@
 Hunk 1: EXACT: @@ -11,50 +14,74 @@
Patching: net/minecraft/world/item/LingeringPotionItem.java
 Hunk 0: EXACT: @@ -23,7 +23,12 @@
Patching: net/minecraft/world/item/MapItem.java
 Hunk 0: EXACT: @@ -32,8 +32,13 @@
 Hunk 1: EXACT: @@ -44,33 +49,41 @@
 Hunk 2: EXACT: @@ -78,8 +91,9 @@
 Hunk 3: EXACT: @@ -91,112 +105,122 @@
 Hunk 4: EXACT: @@ -208,8 +232,9 @@
 Hunk 5: EXACT: @@ -217,73 +242,78 @@
 Hunk 6: EXACT: @@ -295,15 +325,17 @@
 Hunk 7: EXACT: @@ -313,59 +345,66 @@
 Hunk 8: EXACT: @@ -374,9 +413,11 @@
 Hunk 9: EXACT: @@ -385,11 +426,13 @@
Patching: net/minecraft/world/item/MilkBucketItem.java
 Hunk 0: EXACT: @@ -10,6 +10,7 @@
 Hunk 1: EXACT: @@ -18,17 +19,19 @@
Patching: net/minecraft/world/item/MinecartItem.java
 Hunk 0: EXACT: @@ -5,6 +5,7 @@
 Hunk 1: EXACT: @@ -16,48 +17,86 @@
 Hunk 2: EXACT: @@ -71,36 +110,45 @@
Patching: net/minecraft/world/item/NameTagItem.java
 Hunk 0: EXACT: @@ -1,5 +1,9 @@
 Hunk 1: EXACT: @@ -15,9 +19,14 @@
Patching: net/minecraft/world/item/PlayerHeadItem.java
 Hunk 0: EXACT: @@ -10,6 +10,7 @@
 Hunk 1: EXACT: @@ -19,19 +20,21 @@
 Hunk 2: EXACT: @@ -42,10 +45,33 @@
Patching: net/minecraft/world/item/PotionItem.java
 Hunk 0: EXACT: @@ -1,5 +1,6 @@
 Hunk 1: EXACT: @@ -32,6 +33,7 @@
 Hunk 2: EXACT: @@ -45,35 +47,53 @@
 Hunk 3: EXACT: @@ -83,27 +103,28 @@
 Hunk 4: EXACT: @@ -142,9 +163,13 @@
Patching: net/minecraft/world/item/RecordItem.java
 Hunk 0: EXACT: @@ -19,6 +19,7 @@
 Hunk 1: EXACT: @@ -27,27 +28,31 @@
 Hunk 2: EXACT: @@ -68,7 +73,7 @@
Patching: net/minecraft/world/item/ServerItemCooldowns.java
 Hunk 0: EXACT: @@ -10,6 +10,16 @@
Patching: net/minecraft/world/item/SignItem.java
 Hunk 0: EXACT: @@ -5,21 +5,27 @@
Patching: net/minecraft/world/item/SnowballItem.java
 Hunk 0: EXACT: @@ -10,26 +10,51 @@
Patching: net/minecraft/world/item/SpawnEggItem.java
 Hunk 0: EXACT: @@ -35,6 +35,7 @@
 Hunk 1: EXACT: @@ -45,44 +46,50 @@
 Hunk 2: EXACT: @@ -91,33 +98,36 @@
 Hunk 3: EXACT: @@ -132,18 +142,19 @@
 Hunk 4: EXACT: @@ -154,31 +165,32 @@
Patching: net/minecraft/world/item/SplashPotionItem.java
 Hunk 0: EXACT: @@ -14,7 +14,12 @@
Patching: net/minecraft/world/item/ThrowablePotionItem.java
 Hunk 0: EXACT: @@ -19,13 +19,31 @@
Patching: net/minecraft/world/item/TridentItem.java
 Hunk 0: EXACT: @@ -1,6 +1,7 @@
 Hunk 1: EXACT: @@ -10,6 +11,7 @@
 Hunk 2: EXACT: @@ -25,6 +27,7 @@
 Hunk 3: EXACT: @@ -32,9 +35,10 @@
 Hunk 4: EXACT: @@ -55,59 +59,92 @@
 Hunk 5: EXACT: @@ -117,30 +154,31 @@
Patching: net/minecraft/world/item/WrittenBookItem.java
 Hunk 0: EXACT: @@ -111,7 +111,7 @@
Patching: net/minecraft/world/item/alchemy/PotionBrewing.java
 Hunk 0: EXACT: @@ -14,6 +14,7 @@
 Hunk 1: EXACT: @@ -26,7 +27,7 @@
 Hunk 2: EXACT: @@ -66,6 +67,11 @@
 Hunk 3: EXACT: @@ -103,6 +109,13 @@
 Hunk 4: EXACT: @@ -127,6 +140,54 @@
Patching: net/minecraft/world/item/crafting/BlastingRecipe.java
 Hunk 0: EXACT: @@ -4,7 +4,16 @@
 Hunk 1: EXACT: @@ -18,4 +27,16 @@
Patching: net/minecraft/world/item/crafting/CampfireCookingRecipe.java
 Hunk 0: EXACT: @@ -4,7 +4,16 @@
 Hunk 1: EXACT: @@ -18,4 +27,16 @@
Patching: net/minecraft/world/item/crafting/CustomRecipe.java
 Hunk 0: EXACT: @@ -4,6 +4,7 @@
 Hunk 1: EXACT: @@ -24,4 +25,11 @@
Patching: net/minecraft/world/item/crafting/Ingredient.java
 Hunk 0: EXACT: @@ -12,6 +12,7 @@
 Hunk 1: EXACT: @@ -29,15 +30,17 @@
 Hunk 2: EXACT: @@ -49,8 +52,8 @@
 Hunk 3: EXACT: @@ -58,17 +61,30 @@
 Hunk 4: EXACT: @@ -82,9 +98,13 @@
 Hunk 5: EXACT: @@ -102,13 +122,17 @@
 Hunk 6: EXACT: @@ -117,47 +141,49 @@
 Hunk 7: EXACT: @@ -173,37 +199,27 @@
 Hunk 8: EXACT: @@ -213,8 +229,11 @@
 Hunk 9: EXACT: @@ -223,15 +242,32 @@
Patching: net/minecraft/world/item/crafting/Recipe.java
 Hunk 0: EXACT: @@ -9,6 +9,7 @@
 Hunk 1: EXACT: @@ -18,16 +19,17 @@
 Hunk 2: EXACT: @@ -53,9 +55,12 @@
Patching: net/minecraft/world/item/crafting/RecipeManager.java
 Hunk 0: EXACT: @@ -1,6 +1,7 @@
 Hunk 1: EXACT: @@ -13,8 +14,10 @@
 Hunk 2: EXACT: @@ -31,67 +34,99 @@
 Hunk 3: EXACT: @@ -100,38 +135,39 @@
 Hunk 4: EXACT: @@ -143,30 +179,53 @@
 Hunk 5: EXACT: @@ -175,12 +234,14 @@
 Hunk 6: EXACT: @@ -189,6 +250,7 @@
Patching: net/minecraft/world/item/crafting/ShapedRecipe.java
 Hunk 0: EXACT: @@ -8,7 +8,9 @@
 Hunk 1: EXACT: @@ -20,8 +22,15 @@
 Hunk 2: EXACT: @@ -38,6 +47,66 @@
 Hunk 3: EXACT: @@ -68,10 +137,9 @@
 Hunk 4: EXACT: @@ -86,20 +154,21 @@
 Hunk 5: EXACT: @@ -108,7 +177,6 @@
 Hunk 6: EXACT: @@ -122,27 +190,29 @@
 Hunk 7: EXACT: @@ -153,13 +223,15 @@
 Hunk 8: EXACT: @@ -172,29 +244,32 @@
 Hunk 9: EXACT: @@ -202,49 +277,56 @@
 Hunk 10: EXACT: @@ -252,11 +334,13 @@
 Hunk 11: EXACT: @@ -266,53 +350,61 @@
Patching: net/minecraft/world/item/crafting/ShapelessRecipe.java
 Hunk 0: EXACT: @@ -4,6 +4,7 @@
 Hunk 1: EXACT: @@ -12,8 +13,14 @@
 Hunk 2: EXACT: @@ -26,6 +33,20 @@
 Hunk 3: EXACT: @@ -51,23 +72,55 @@
 Hunk 4: EXACT: @@ -78,54 +131,63 @@
Patching: net/minecraft/world/item/crafting/SmeltingRecipe.java
 Hunk 0: EXACT: @@ -4,7 +4,16 @@
 Hunk 1: EXACT: @@ -18,4 +27,14 @@
Patching: net/minecraft/world/item/crafting/SmokingRecipe.java
 Hunk 0: EXACT: @@ -4,7 +4,16 @@
 Hunk 1: EXACT: @@ -18,4 +27,16 @@
Patching: net/minecraft/world/item/crafting/StonecutterRecipe.java
 Hunk 0: EXACT: @@ -6,7 +6,16 @@
 Hunk 1: EXACT: @@ -20,4 +29,16 @@
Patching: net/minecraft/world/item/crafting/UpgradeRecipe.java
 Hunk 0: EXACT: @@ -11,13 +11,29 @@
 Hunk 1: EXACT: @@ -31,13 +47,16 @@
 Hunk 2: EXACT: @@ -76,29 +95,44 @@
Patching: net/minecraft/world/item/enchantment/DamageEnchantment.java
 Hunk 0: EXACT: @@ -10,6 +10,7 @@
 Hunk 1: EXACT: @@ -26,12 +27,12 @@
 Hunk 2: EXACT: @@ -41,13 +42,7 @@
 Hunk 3: EXACT: @@ -62,10 +57,13 @@
Patching: net/minecraft/world/item/enchantment/Enchantments.java
 Hunk 0: EXACT: @@ -4,48 +4,59 @@
Patching: net/minecraft/world/item/enchantment/FrostWalkerEnchantment.java
 Hunk 0: EXACT: @@ -1,5 +1,6 @@
 Hunk 1: EXACT: @@ -12,6 +13,7 @@
 Hunk 2: EXACT: @@ -38,19 +40,27 @@
Patching: net/minecraft/world/item/trading/Merchant.java
 Hunk 0: EXACT: @@ -10,6 +10,7 @@
 Hunk 1: EXACT: @@ -19,6 +20,7 @@
 Hunk 2: EXACT: @@ -36,17 +38,21 @@
Patching: net/minecraft/world/item/trading/MerchantOffer.java
 Hunk 0: EXACT: @@ -5,19 +5,49 @@
 Hunk 1: EXACT: @@ -42,6 +72,7 @@
 Hunk 2: EXACT: @@ -53,10 +84,21 @@
 Hunk 3: EXACT: @@ -73,10 +115,12 @@
 Hunk 4: EXACT: @@ -88,7 +132,7 @@
 Hunk 5: EXACT: @@ -156,18 +200,20 @@
 Hunk 6: EXACT: @@ -178,12 +224,13 @@
 Hunk 7: EXACT: @@ -191,7 +238,11 @@
Patching: net/minecraft/world/level/BaseCommandBlock.java
 Hunk 0: EXACT: @@ -19,6 +19,7 @@
 Hunk 1: EXACT: @@ -28,7 +29,15 @@
 Hunk 2: EXACT: @@ -63,7 +72,7 @@
 Hunk 3: EXACT: @@ -73,8 +82,8 @@
 Hunk 4: EXACT: @@ -109,25 +118,28 @@
 Hunk 5: EXACT: @@ -152,7 +164,7 @@
 Hunk 6: EXACT: @@ -160,7 +172,11 @@
 Hunk 7: EXACT: @@ -183,7 +199,7 @@
Patching: net/minecraft/world/level/BaseSpawner.java
 Hunk 0: EXACT: @@ -10,6 +10,7 @@
 Hunk 1: EXACT: @@ -25,6 +26,7 @@
 Hunk 2: EXACT: @@ -40,118 +42,177 @@
 Hunk 3: EXACT: @@ -160,55 +221,72 @@
 Hunk 4: EXACT: @@ -225,17 +303,28 @@
 Hunk 5: EXACT: @@ -244,6 +333,7 @@
Patching: net/minecraft/world/level/BlockCollisions.java
 Hunk 0: EXACT: @@ -66,28 +66,47 @@
Patching: net/minecraft/world/level/BlockGetter.java
 Hunk 0: EXACT: @@ -9,25 +9,42 @@
 Hunk 1: EXACT: @@ -44,61 +61,84 @@
 Hunk 2: EXACT: @@ -106,57 +146,61 @@
Patching: net/minecraft/world/level/ChunkPos.java
 Hunk 0: EXACT: @@ -20,6 +20,7 @@
 Hunk 1: EXACT: @@ -27,16 +28,19 @@
 Hunk 2: EXACT: @@ -48,15 +52,15 @@
Patching: net/minecraft/world/level/ClipContext.java
 Hunk 0: EXACT: @@ -14,6 +14,7 @@
 Hunk 1: EXACT: @@ -25,7 +26,7 @@
 Hunk 2: EXACT: @@ -45,17 +46,15 @@
 Hunk 3: EXACT: @@ -65,20 +64,18 @@
 Hunk 4: EXACT: @@ -88,6 +85,7 @@
Patching: net/minecraft/world/level/CollisionGetter.java
 Hunk 0: EXACT: @@ -35,29 +35,33 @@
Patching: net/minecraft/world/level/EmptyBlockGetter.java
 Hunk 0: EXACT: @@ -17,6 +17,18 @@
Patching: net/minecraft/world/level/EntityGetter.java
 Hunk 0: EXACT: @@ -18,6 +18,18 @@
 Hunk 1: EXACT: @@ -37,7 +49,7 @@
 Hunk 2: EXACT: @@ -55,7 +67,7 @@
 Hunk 3: EXACT: @@ -70,8 +82,8 @@
 Hunk 4: EXACT: @@ -88,6 +100,28 @@
 Hunk 5: EXACT: @@ -99,6 +133,27 @@
Patching: net/minecraft/world/level/Explosion.java
 Hunk 0: EXACT: @@ -4,6 +4,7 @@
 Hunk 1: EXACT: @@ -20,6 +21,8 @@
 Hunk 2: EXACT: @@ -38,13 +41,19 @@
 Hunk 3: EXACT: @@ -54,8 +63,9 @@
 Hunk 4: EXACT: @@ -71,13 +81,16 @@
 Hunk 5: EXACT: @@ -88,28 +101,30 @@
 Hunk 6: EXACT: @@ -118,53 +133,74 @@
 Hunk 7: EXACT: @@ -172,42 +208,77 @@
 Hunk 8: EXACT: @@ -222,58 +293,123 @@
 Hunk 9: EXACT: @@ -281,14 +417,17 @@
 Hunk 10: EXACT: @@ -311,14 +450,15 @@
 Hunk 11: EXACT: @@ -335,8 +475,89 @@
Patching: net/minecraft/world/level/GameRules.java
 Hunk 0: EXACT: @@ -10,7 +10,11 @@
 Hunk 1: EXACT: @@ -25,79 +29,88 @@
 Hunk 2: EXACT: @@ -106,70 +119,201 @@
 Hunk 3: EXACT: @@ -179,15 +323,18 @@
 Hunk 4: EXACT: @@ -198,7 +345,7 @@
 Hunk 5: EXACT: @@ -217,55 +364,24 @@
 Hunk 6: EXACT: @@ -275,15 +391,18 @@
 Hunk 7: EXACT: @@ -294,15 +413,15 @@
 Hunk 8: EXACT: @@ -311,8 +430,8 @@
 Hunk 9: EXACT: @@ -334,120 +453,14 @@
Patching: net/minecraft/world/level/Level.java
 Hunk 0: EXACT: @@ -1,10 +1,16 @@
 Hunk 1: EXACT: @@ -22,8 +28,10 @@
 Hunk 2: EXACT: @@ -34,6 +42,7 @@
 Hunk 3: EXACT: @@ -45,11 +54,14 @@
 Hunk 4: EXACT: @@ -63,9 +75,36 @@
 Hunk 5: EXACT: @@ -78,7 +117,7 @@
 Hunk 6: EXACT: @@ -105,26 +144,167 @@
 Hunk 7: EXACT: @@ -132,11 +312,92 @@
 Hunk 8: EXACT: @@ -149,11 +410,11 @@
 Hunk 9: EXACT: @@ -164,118 +425,301 @@
 Hunk 10: EXACT: @@ -283,20 +727,15 @@
 Hunk 11: EXACT: @@ -305,18 +744,19 @@
 Hunk 12: EXACT: @@ -326,11 +766,20 @@
 Hunk 13: EXACT: @@ -339,8 +788,9 @@
 Hunk 14: EXACT: @@ -354,7 +804,7 @@
 Hunk 15: EXACT: @@ -369,25 +819,21 @@
 Hunk 16: EXACT: @@ -395,39 +841,78 @@
 Hunk 17: EXACT: @@ -442,15 +927,16 @@
 Hunk 18: EXACT: @@ -461,17 +947,33 @@
 Hunk 19: EXACT: @@ -489,8 +991,9 @@
 Hunk 20: EXACT: @@ -499,10 +1002,11 @@
 Hunk 21: EXACT: @@ -510,12 +1014,13 @@
 Hunk 22: EXACT: @@ -532,7 +1037,6 @@
 Hunk 23: EXACT: @@ -547,20 +1051,7 @@
 Hunk 24: EXACT: @@ -568,21 +1059,23 @@
 Hunk 25: EXACT: @@ -602,8 +1095,9 @@
 Hunk 26: EXACT: @@ -637,46 +1131,38 @@
 Hunk 27: EXACT: @@ -690,8 +1176,7 @@
 Hunk 28: EXACT: @@ -711,9 +1196,10 @@
 Hunk 29: EXACT: @@ -721,21 +1207,18 @@
 Hunk 30: EXACT: @@ -746,14 +1229,16 @@
 Hunk 31: EXACT: @@ -763,47 +1248,56 @@
 Hunk 32: EXACT: @@ -813,14 +1307,15 @@
 Hunk 33: EXACT: @@ -828,8 +1323,7 @@
 Hunk 34: EXACT: @@ -842,7 +1336,7 @@
 Hunk 35: EXACT: @@ -874,10 +1368,19 @@
 Hunk 36: EXACT: @@ -885,7 +1388,7 @@
 Hunk 37: EXACT: @@ -905,6 +1408,59 @@
Patching: net/minecraft/world/level/LevelAccessor.java
 Hunk 0: EXACT: @@ -25,6 +25,7 @@
 Hunk 1: EXACT: @@ -34,12 +35,12 @@
 Hunk 2: EXACT: @@ -80,8 +81,7 @@
 Hunk 3: EXACT: @@ -94,20 +94,22 @@
Patching: net/minecraft/world/level/LevelReader.java
 Hunk 0: EXACT: @@ -19,6 +19,7 @@
Patching: net/minecraft/world/level/LevelWriter.java
 Hunk 0: EXACT: @@ -6,6 +6,7 @@
 Hunk 1: EXACT: @@ -15,7 +16,7 @@
 Hunk 2: EXACT: @@ -27,4 +28,10 @@
Patching: net/minecraft/world/level/NaturalSpawner.java
 Hunk 0: EXACT: @@ -45,188 +45,323 @@
 Hunk 1: EXACT: @@ -236,41 +371,43 @@
 Hunk 2: EXACT: @@ -278,49 +415,38 @@
 Hunk 3: EXACT: @@ -328,59 +454,66 @@
 Hunk 4: EXACT: @@ -391,44 +524,38 @@
 Hunk 5: EXACT: @@ -451,37 +578,43 @@
 Hunk 6: EXACT: @@ -492,13 +625,25 @@
Patching: net/minecraft/world/level/PathNavigationRegion.java
 Hunk 0: EXACT: @@ -9,6 +9,7 @@
 Hunk 1: EXACT: @@ -70,7 +71,7 @@
 Hunk 2: EXACT: @@ -78,6 +79,30 @@
Patching: net/minecraft/world/level/ServerLevelAccessor.java
 Hunk 0: EXACT: @@ -4,9 +4,21 @@
Patching: net/minecraft/world/level/StructureManager.java
 Hunk 0: EXACT: @@ -43,7 +43,12 @@
 Hunk 1: EXACT: @@ -107,13 +112,18 @@
Patching: net/minecraft/world/level/biome/MobSpawnSettings.java
 Hunk 0: EXACT: @@ -59,11 +59,43 @@
Patching: net/minecraft/world/level/block/AbstractCandleBlock.java
 Hunk 0: EXACT: @@ -7,6 +7,7 @@
 Hunk 1: EXACT: @@ -20,6 +21,7 @@
 Hunk 2: EXACT: @@ -30,32 +32,38 @@
 Hunk 3: EXACT: @@ -67,18 +75,18 @@
Patching: net/minecraft/world/level/block/BambooBlock.java
 Hunk 0: EXACT: @@ -27,6 +27,7 @@
 Hunk 1: EXACT: @@ -44,12 +45,12 @@
 Hunk 2: EXACT: @@ -59,9 +60,10 @@
 Hunk 3: EXACT: @@ -71,8 +73,9 @@
 Hunk 4: EXACT: @@ -83,20 +86,24 @@
 Hunk 5: EXACT: @@ -114,15 +121,16 @@
 Hunk 6: EXACT: @@ -138,11 +146,11 @@
 Hunk 7: EXACT: @@ -152,7 +160,8 @@
 Hunk 8: EXACT: @@ -167,14 +176,15 @@
 Hunk 9: EXACT: @@ -187,32 +197,47 @@
 Hunk 10: EXACT: @@ -220,7 +245,9 @@
Patching: net/minecraft/world/level/block/BambooSaplingBlock.java
 Hunk 0: EXACT: @@ -21,6 +21,7 @@
 Hunk 1: EXACT: @@ -30,8 +31,9 @@
 Hunk 2: EXACT: @@ -86,6 +88,6 @@
Patching: net/minecraft/world/level/block/BaseFireBlock.java
 Hunk 0: EXACT: @@ -20,6 +20,7 @@
 Hunk 1: EXACT: @@ -32,79 +33,85 @@
 Hunk 2: EXACT: @@ -114,10 +121,18 @@
 Hunk 3: EXACT: @@ -125,70 +140,83 @@
Patching: net/minecraft/world/level/block/BasePressurePlateBlock.java
 Hunk 0: EXACT: @@ -17,8 +17,10 @@
 Hunk 1: EXACT: @@ -29,7 +31,7 @@
 Hunk 2: EXACT: @@ -48,23 +50,27 @@
 Hunk 3: EXACT: @@ -73,26 +79,41 @@
Patching: net/minecraft/world/level/block/BaseRailBlock.java
 Hunk 0: EXACT: @@ -65,6 +65,7 @@
Patching: net/minecraft/world/level/block/BedBlock.java
 Hunk 0: EXACT: @@ -45,6 +45,7 @@
 Hunk 1: EXACT: @@ -54,22 +55,23 @@
 Hunk 2: EXACT: @@ -77,34 +79,54 @@
 Hunk 3: EXACT: @@ -112,16 +134,36 @@
 Hunk 4: EXACT: @@ -142,21 +184,19 @@
 Hunk 5: EXACT: @@ -166,13 +206,15 @@
 Hunk 6: EXACT: @@ -183,36 +225,40 @@
 Hunk 7: EXACT: @@ -220,40 +266,47 @@
 Hunk 8: EXACT: @@ -261,13 +314,18 @@
 Hunk 9: EXACT: @@ -286,7 +344,7 @@
 Hunk 10: EXACT: @@ -298,8 +356,9 @@
 Hunk 11: EXACT: @@ -312,8 +371,9 @@
 Hunk 12: EXACT: @@ -322,7 +382,7 @@
Patching: net/minecraft/world/level/block/BeehiveBlock.java
 Hunk 0: EXACT: @@ -1,5 +1,6 @@
 Hunk 1: EXACT: @@ -17,6 +18,7 @@
 Hunk 2: EXACT: @@ -53,6 +55,7 @@
 Hunk 3: EXACT: @@ -60,7 +63,7 @@
 Hunk 4: EXACT: @@ -70,33 +73,39 @@
 Hunk 5: EXACT: @@ -104,43 +113,56 @@
 Hunk 6: EXACT: @@ -158,9 +180,12 @@
 Hunk 7: EXACT: @@ -168,21 +193,24 @@
 Hunk 8: EXACT: @@ -190,20 +218,23 @@
 Hunk 9: EXACT: @@ -212,7 +243,7 @@
 Hunk 10: EXACT: @@ -221,12 +252,12 @@
 Hunk 11: EXACT: @@ -249,25 +280,30 @@
 Hunk 12: EXACT: @@ -277,12 +313,15 @@
 Hunk 13: EXACT: @@ -292,10 +331,12 @@
Patching: net/minecraft/world/level/block/BellBlock.java
 Hunk 0: EXACT: @@ -3,6 +3,7 @@
 Hunk 1: EXACT: @@ -131,6 +132,7 @@
Patching: net/minecraft/world/level/block/BigDripleafBlock.java
 Hunk 0: EXACT: @@ -32,6 +32,7 @@
 Hunk 1: EXACT: @@ -39,16 +40,21 @@
 Hunk 2: EXACT: @@ -56,38 +62,39 @@
 Hunk 3: EXACT: @@ -95,29 +102,31 @@
 Hunk 4: EXACT: @@ -125,18 +134,19 @@
 Hunk 5: EXACT: @@ -146,21 +156,37 @@
 Hunk 6: EXACT: @@ -169,15 +195,16 @@
 Hunk 7: EXACT: @@ -186,70 +213,84 @@
Patching: net/minecraft/world/level/block/Block.java
 Hunk 0: EXACT: @@ -6,6 +6,7 @@
 Hunk 1: EXACT: @@ -65,13 +66,13 @@
 Hunk 2: EXACT: @@ -90,46 +91,76 @@
 Hunk 3: EXACT: @@ -141,26 +172,30 @@
 Hunk 4: EXACT: @@ -171,14 +206,17 @@
 Hunk 5: EXACT: @@ -193,28 +231,32 @@
 Hunk 6: EXACT: @@ -227,85 +269,108 @@
 Hunk 7: EXACT: @@ -314,29 +379,44 @@
 Hunk 8: EXACT: @@ -345,11 +425,9 @@
 Hunk 9: EXACT: @@ -358,12 +436,11 @@
 Hunk 10: EXACT: @@ -410,7 +487,7 @@
 Hunk 11: EXACT: @@ -422,15 +499,13 @@
 Hunk 12: EXACT: @@ -445,19 +520,22 @@
 Hunk 13: EXACT: @@ -477,13 +555,11 @@
 Hunk 14: EXACT: @@ -491,7 +567,7 @@
 Hunk 15: EXACT: @@ -500,17 +576,39 @@
 Hunk 16: EXACT: @@ -521,23 +619,24 @@
Patching: net/minecraft/world/level/block/BubbleColumnBlock.java
 Hunk 0: EXACT: @@ -38,6 +38,7 @@
Patching: net/minecraft/world/level/block/BuddingAmethystBlock.java
 Hunk 0: EXACT: @@ -10,6 +10,7 @@
 Hunk 1: EXACT: @@ -25,23 +26,25 @@
Patching: net/minecraft/world/level/block/BushBlock.java
 Hunk 0: EXACT: @@ -11,6 +11,7 @@
 Hunk 1: EXACT: @@ -21,13 +22,21 @@
Patching: net/minecraft/world/level/block/ButtonBlock.java
 Hunk 0: EXACT: @@ -26,8 +26,13 @@
 Hunk 1: EXACT: @@ -53,7 +58,7 @@
 Hunk 2: EXACT: @@ -63,53 +68,63 @@
 Hunk 3: EXACT: @@ -121,7 +136,7 @@
 Hunk 4: EXACT: @@ -131,12 +146,12 @@
 Hunk 5: EXACT: @@ -146,14 +161,24 @@
 Hunk 6: EXACT: @@ -161,24 +186,63 @@
 Hunk 7: EXACT: @@ -190,6 +254,6 @@
Patching: net/minecraft/world/level/block/CactusBlock.java
 Hunk 0: EXACT: @@ -1,5 +1,6 @@
 Hunk 1: EXACT: @@ -20,8 +21,10 @@
 Hunk 2: EXACT: @@ -30,7 +33,7 @@
 Hunk 3: EXACT: @@ -43,21 +46,26 @@
 Hunk 4: EXACT: @@ -66,18 +74,18 @@
 Hunk 5: EXACT: @@ -85,26 +93,38 @@
Patching: net/minecraft/world/level/block/CakeBlock.java
 Hunk 0: EXACT: @@ -8,6 +8,7 @@
 Hunk 1: EXACT: @@ -27,53 +28,56 @@
 Hunk 2: EXACT: @@ -81,14 +85,26 @@
 Hunk 3: EXACT: @@ -107,12 +123,12 @@
Patching: net/minecraft/world/level/block/CampfireBlock.java
 Hunk 0: EXACT: @@ -37,6 +37,7 @@
 Hunk 1: EXACT: @@ -45,8 +46,12 @@
 Hunk 2: EXACT: @@ -61,17 +66,20 @@
 Hunk 3: EXACT: @@ -85,8 +93,11 @@
 Hunk 4: EXACT: @@ -95,9 +106,10 @@
 Hunk 5: EXACT: @@ -107,19 +119,20 @@
 Hunk 6: EXACT: @@ -128,7 +141,7 @@
 Hunk 7: EXACT: @@ -138,14 +151,14 @@
 Hunk 8: EXACT: @@ -154,14 +167,15 @@
 Hunk 9: EXACT: @@ -169,17 +183,18 @@
 Hunk 10: EXACT: @@ -189,35 +204,45 @@
 Hunk 11: EXACT: @@ -225,27 +250,27 @@
 Hunk 12: EXACT: @@ -256,11 +281,7 @@
 Hunk 13: EXACT: @@ -269,8 +290,8 @@
Patching: net/minecraft/world/level/block/CarvedPumpkinBlock.java
 Hunk 0: EXACT: @@ -1,11 +1,13 @@
 Hunk 1: EXACT: @@ -24,7 +26,13 @@
 Hunk 2: EXACT: @@ -34,13 +42,13 @@
 Hunk 3: EXACT: @@ -55,52 +63,84 @@
 Hunk 4: EXACT: @@ -110,12 +150,12 @@
 Hunk 5: EXACT: @@ -128,7 +168,7 @@
 Hunk 6: EXACT: @@ -144,7 +184,7 @@
Patching: net/minecraft/world/level/block/CauldronBlock.java
 Hunk 0: EXACT: @@ -10,8 +10,12 @@
 Hunk 1: EXACT: @@ -25,24 +29,26 @@
 Hunk 2: EXACT: @@ -55,15 +61,23 @@
Patching: net/minecraft/world/level/block/CaveVines.java
 Hunk 0: EXACT: @@ -1,12 +1,6 @@
 Hunk 1: EXACT: @@ -15,16 +9,49 @@
 Hunk 2: EXACT: @@ -32,12 +59,12 @@
Patching: net/minecraft/world/level/block/CaveVinesBlock.java
 Hunk 0: EXACT: @@ -17,11 +17,12 @@
 Hunk 1: EXACT: @@ -41,33 +42,41 @@
 Hunk 2: EXACT: @@ -77,6 +86,6 @@
Patching: net/minecraft/world/level/block/CaveVinesPlantBlock.java
 Hunk 0: EXACT: @@ -17,19 +17,20 @@
 Hunk 1: EXACT: @@ -39,17 +40,17 @@
 Hunk 2: EXACT: @@ -59,6 +60,6 @@
Patching: net/minecraft/world/level/block/ChangeOverTimeBlock.java
 Hunk 0: EXACT: @@ -1,5 +1,6 @@
 Hunk 1: EXACT: @@ -7,6 +8,7 @@
 Hunk 2: EXACT: @@ -15,6 +17,7 @@
 Hunk 3: EXACT: @@ -27,25 +30,31 @@
 Hunk 4: EXACT: @@ -55,11 +64,12 @@
Patching: net/minecraft/world/level/block/ChestBlock.java
 Hunk 0: EXACT: @@ -1,7 +1,9 @@
 Hunk 1: EXACT: @@ -45,6 +47,7 @@
 Hunk 2: EXACT: @@ -54,6 +57,7 @@
 Hunk 3: EXACT: @@ -66,12 +70,10 @@
 Hunk 4: EXACT: @@ -82,34 +84,12 @@
 Hunk 5: EXACT: @@ -120,18 +100,47 @@
 Hunk 6: EXACT: @@ -141,17 +150,18 @@
 Hunk 7: EXACT: @@ -159,71 +169,76 @@
 Hunk 8: EXACT: @@ -232,9 +247,10 @@
 Hunk 9: EXACT: @@ -247,9 +263,10 @@
 Hunk 10: EXACT: @@ -263,51 +280,61 @@
 Hunk 11: EXACT: @@ -324,19 +351,30 @@
 Hunk 12: EXACT: @@ -352,22 +390,22 @@
 Hunk 13: EXACT: @@ -377,9 +415,10 @@
Patching: net/minecraft/world/level/block/ChorusFlowerBlock.java
 Hunk 0: EXACT: @@ -1,5 +1,6 @@
 Hunk 1: EXACT: @@ -16,8 +17,10 @@
 Hunk 2: EXACT: @@ -25,7 +28,7 @@
 Hunk 3: EXACT: @@ -38,28 +41,33 @@
 Hunk 4: EXACT: @@ -67,40 +75,57 @@
 Hunk 5: EXACT: @@ -108,29 +133,35 @@
 Hunk 6: EXACT: @@ -138,27 +169,31 @@
 Hunk 7: EXACT: @@ -167,61 +202,72 @@
Patching: net/minecraft/world/level/block/CocoaBlock.java
 Hunk 0: EXACT: @@ -19,8 +19,10 @@
 Hunk 1: EXACT: @@ -39,20 +41,21 @@
 Hunk 2: EXACT: @@ -60,38 +63,44 @@
 Hunk 3: EXACT: @@ -101,12 +110,12 @@
 Hunk 4: EXACT: @@ -116,12 +125,12 @@
Patching: net/minecraft/world/level/block/CommandBlock.java
 Hunk 0: EXACT: @@ -27,7 +27,10 @@
 Hunk 1: EXACT: @@ -35,30 +38,42 @@
 Hunk 2: EXACT: @@ -68,28 +83,31 @@
 Hunk 3: EXACT: @@ -105,14 +123,15 @@
 Hunk 4: EXACT: @@ -126,28 +145,33 @@
 Hunk 5: EXACT: @@ -161,65 +185,71 @@
Patching: net/minecraft/world/level/block/ComparatorBlock.java
 Hunk 0: EXACT: @@ -25,13 +25,15 @@
 Hunk 1: EXACT: @@ -41,52 +43,51 @@
 Hunk 2: EXACT: @@ -97,10 +98,12 @@
 Hunk 3: EXACT: @@ -108,8 +111,9 @@
 Hunk 4: EXACT: @@ -121,11 +125,13 @@
 Hunk 5: EXACT: @@ -133,20 +139,34 @@
 Hunk 6: EXACT: @@ -162,8 +182,9 @@
 Hunk 7: EXACT: @@ -173,6 +194,6 @@
Patching: net/minecraft/world/level/block/ComposterBlock.java
 Hunk 0: EXACT: @@ -12,13 +12,6 @@
 Hunk 1: EXACT: @@ -36,170 +29,186 @@
 Hunk 2: EXACT: @@ -207,82 +216,112 @@
 Hunk 3: EXACT: @@ -294,12 +333,12 @@
 Hunk 4: EXACT: @@ -309,22 +348,35 @@
 Hunk 5: EXACT: @@ -334,11 +386,25 @@
 Hunk 6: EXACT: @@ -346,6 +412,7 @@
 Hunk 7: EXACT: @@ -373,38 +440,29 @@
 Hunk 8: EXACT: @@ -414,13 +472,7 @@
Patching: net/minecraft/world/level/block/ConcretePowderBlock.java
 Hunk 0: EXACT: @@ -10,8 +10,14 @@
 Hunk 1: EXACT: @@ -21,41 +27,63 @@
 Hunk 2: EXACT: @@ -64,7 +92,25 @@
Patching: net/minecraft/world/level/block/CoralBlock.java
 Hunk 0: EXACT: @@ -14,6 +14,7 @@
 Hunk 1: EXACT: @@ -24,6 +25,11 @@
 Hunk 2: EXACT: @@ -32,16 +38,21 @@
 Hunk 3: EXACT: @@ -53,7 +64,7 @@
Patching: net/minecraft/world/level/block/CoralFanBlock.java
 Hunk 0: EXACT: @@ -8,9 +8,11 @@
 Hunk 1: EXACT: @@ -26,7 +28,12 @@
 Hunk 2: EXACT: @@ -37,8 +44,8 @@
Patching: net/minecraft/world/level/block/CoralPlantBlock.java
 Hunk 0: EXACT: @@ -9,11 +9,13 @@
 Hunk 1: EXACT: @@ -31,7 +33,12 @@
 Hunk 2: EXACT: @@ -42,8 +49,8 @@
 Hunk 3: EXACT: @@ -52,6 +59,6 @@
Patching: net/minecraft/world/level/block/CoralWallFanBlock.java
 Hunk 0: EXACT: @@ -8,9 +8,11 @@
 Hunk 1: EXACT: @@ -26,18 +28,23 @@
Patching: net/minecraft/world/level/block/CropBlock.java
 Hunk 0: EXACT: @@ -20,20 +20,22 @@
 Hunk 1: EXACT: @@ -42,7 +44,7 @@
 Hunk 2: EXACT: @@ -50,15 +52,15 @@
 Hunk 3: EXACT: @@ -70,10 +72,25 @@
 Hunk 4: EXACT: @@ -83,11 +100,12 @@
 Hunk 5: EXACT: @@ -96,38 +114,41 @@
 Hunk 6: EXACT: @@ -142,7 +163,8 @@
 Hunk 7: EXACT: @@ -175,6 +197,6 @@
Patching: net/minecraft/world/level/block/DaylightDetectorBlock.java
 Hunk 0: EXACT: @@ -26,18 +26,19 @@
 Hunk 1: EXACT: @@ -47,24 +48,27 @@
 Hunk 2: EXACT: @@ -75,10 +79,11 @@
 Hunk 3: EXACT: @@ -109,13 +114,13 @@
Patching: net/minecraft/world/level/block/DetectorRailBlock.java
 Hunk 0: EXACT: @@ -1,5 +1,6 @@
 Hunk 1: EXACT: @@ -23,15 +24,17 @@
 Hunk 2: EXACT: @@ -41,8 +44,9 @@
 Hunk 3: EXACT: @@ -50,56 +54,66 @@
 Hunk 4: EXACT: @@ -107,11 +121,15 @@
 Hunk 5: EXACT: @@ -119,14 +137,15 @@
 Hunk 6: EXACT: @@ -136,17 +155,19 @@
 Hunk 7: EXACT: @@ -158,77 +179,78 @@
 Hunk 8: EXACT: @@ -237,43 +259,44 @@
 Hunk 9: EXACT: @@ -282,6 +305,6 @@
Patching: net/minecraft/world/level/block/DiodeBlock.java
 Hunk 0: EXACT: @@ -18,8 +18,10 @@
 Hunk 1: EXACT: @@ -29,7 +31,7 @@
 Hunk 2: EXACT: @@ -40,14 +42,25 @@
 Hunk 3: EXACT: @@ -61,11 +74,7 @@
 Hunk 4: EXACT: @@ -73,12 +82,17 @@
 Hunk 5: EXACT: @@ -86,17 +100,19 @@
 Hunk 6: EXACT: @@ -111,35 +127,31 @@
 Hunk 7: EXACT: @@ -149,13 +161,13 @@
 Hunk 8: EXACT: @@ -174,10 +186,11 @@
 Hunk 9: EXACT: @@ -193,9 +206,10 @@
Patching: net/minecraft/world/level/block/DirtPathBlock.java
 Hunk 0: EXACT: @@ -15,6 +15,7 @@
 Hunk 1: EXACT: @@ -34,7 +35,7 @@
 Hunk 2: EXACT: @@ -42,18 +43,24 @@
Patching: net/minecraft/world/level/block/DispenserBlock.java
 Hunk 0: EXACT: @@ -14,6 +14,7 @@
 Hunk 1: EXACT: @@ -39,20 +40,22 @@
 Hunk 2: EXACT: @@ -60,10 +63,11 @@
 Hunk 3: EXACT: @@ -75,35 +79,42 @@
 Hunk 4: EXACT: @@ -120,15 +131,16 @@
 Hunk 5: EXACT: @@ -137,9 +149,10 @@
 Hunk 6: EXACT: @@ -148,11 +161,12 @@
 Hunk 7: EXACT: @@ -172,16 +186,16 @@
Patching: net/minecraft/world/level/block/DoorBlock.java
 Hunk 0: EXACT: @@ -32,8 +32,10 @@
 Hunk 1: EXACT: @@ -47,35 +49,33 @@
 Hunk 2: EXACT: @@ -91,11 +91,11 @@
 Hunk 3: EXACT: @@ -112,11 +112,13 @@
 Hunk 4: EXACT: @@ -124,35 +126,37 @@
 Hunk 5: EXACT: @@ -166,21 +170,21 @@
 Hunk 6: EXACT: @@ -188,27 +192,44 @@
 Hunk 7: EXACT: @@ -218,26 +239,26 @@
Patching: net/minecraft/world/level/block/DoubleBlockCombiner.java
 Hunk 0: EXACT: @@ -25,7 +25,12 @@
Patching: net/minecraft/world/level/block/DoublePlantBlock.java
 Hunk 0: EXACT: @@ -20,64 +20,66 @@
 Hunk 1: EXACT: @@ -90,14 +92,22 @@
 Hunk 2: EXACT: @@ -105,11 +115,11 @@
Patching: net/minecraft/world/level/block/DragonEggBlock.java
 Hunk 0: EXACT: @@ -15,8 +15,10 @@
 Hunk 1: EXACT: @@ -25,7 +27,7 @@
 Hunk 2: EXACT: @@ -40,24 +42,38 @@
Patching: net/minecraft/world/level/block/DropExperienceBlock.java
 Hunk 0: EXACT: @@ -9,6 +9,7 @@
 Hunk 1: EXACT: @@ -23,9 +24,16 @@
Patching: net/minecraft/world/level/block/DropperBlock.java
 Hunk 0: EXACT: @@ -6,6 +6,7 @@
 Hunk 1: EXACT: @@ -14,9 +15,13 @@
 Hunk 2: EXACT: @@ -24,7 +29,7 @@
 Hunk 3: EXACT: @@ -34,30 +39,51 @@
Patching: net/minecraft/world/level/block/EndPortalBlock.java
 Hunk 0: EXACT: @@ -4,6 +4,7 @@
 Hunk 1: EXACT: @@ -13,13 +14,18 @@
 Hunk 2: EXACT: @@ -33,29 +39,35 @@
Patching: net/minecraft/world/level/block/FarmBlock.java
 Hunk 0: EXACT: @@ -1,5 +1,6 @@
 Hunk 1: EXACT: @@ -23,21 +24,26 @@
 Hunk 2: EXACT: @@ -45,8 +51,9 @@
 Hunk 3: EXACT: @@ -61,54 +68,93 @@
 Hunk 4: EXACT: @@ -117,7 +163,7 @@
Patching: net/minecraft/world/level/block/FenceGateBlock.java
 Hunk 0: EXACT: @@ -24,6 +24,7 @@
 Hunk 1: EXACT: @@ -40,56 +41,46 @@
 Hunk 2: EXACT: @@ -97,13 +88,14 @@
 Hunk 3: EXACT: @@ -112,34 +104,48 @@
 Hunk 4: EXACT: @@ -148,10 +154,10 @@
Patching: net/minecraft/world/level/block/FireBlock.java
 Hunk 0: EXACT: @@ -12,6 +12,7 @@
 Hunk 1: EXACT: @@ -26,8 +27,16 @@
 Hunk 2: EXACT: @@ -35,7 +44,7 @@
 Hunk 3: EXACT: @@ -52,50 +61,69 @@
 Hunk 4: EXACT: @@ -104,19 +132,24 @@
 Hunk 5: EXACT: @@ -124,76 +157,95 @@
 Hunk 6: EXACT: @@ -210,40 +262,69 @@
 Hunk 7: EXACT: @@ -256,10 +337,14 @@
 Hunk 8: EXACT: @@ -272,9 +357,11 @@
 Hunk 9: EXACT: @@ -283,7 +370,7 @@
 Hunk 10: EXACT: @@ -292,157 +379,158 @@
Patching: net/minecraft/world/level/block/FlowerPotBlock.java
 Hunk 0: EXACT: @@ -52,6 +52,26 @@
Patching: net/minecraft/world/level/block/FrogspawnBlock.java
 Hunk 0: EXACT: @@ -103,7 +103,7 @@
Patching: net/minecraft/world/level/block/FrostedIceBlock.java
 Hunk 0: EXACT: @@ -32,19 +32,21 @@
 Hunk 1: EXACT: @@ -74,7 +76,10 @@
Patching: net/minecraft/world/level/block/FungusBlock.java
 Hunk 0: EXACT: @@ -16,6 +16,7 @@
 Hunk 1: EXACT: @@ -27,7 +28,7 @@
 Hunk 2: EXACT: @@ -37,18 +38,26 @@
Patching: net/minecraft/world/level/block/GrowingPlantHeadBlock.java
 Hunk 0: EXACT: @@ -12,10 +12,12 @@
 Hunk 1: EXACT: @@ -23,40 +25,61 @@
 Hunk 2: EXACT: @@ -66,23 +89,23 @@
 Hunk 3: EXACT: @@ -97,13 +120,13 @@
Patching: net/minecraft/world/level/block/HoneyBlock.java
 Hunk 0: EXACT: @@ -55,6 +55,7 @@
Patching: net/minecraft/world/level/block/HopperBlock.java
 Hunk 0: EXACT: @@ -200,6 +200,7 @@
Patching: net/minecraft/world/level/block/IceBlock.java
 Hunk 0: EXACT: @@ -17,6 +17,7 @@
 Hunk 1: EXACT: @@ -31,6 +32,7 @@
 Hunk 2: EXACT: @@ -47,6 +49,11 @@
Patching: net/minecraft/world/level/block/InfestedBlock.java
 Hunk 0: EXACT: @@ -1,6 +1,7 @@
 Hunk 1: EXACT: @@ -14,8 +15,10 @@
 Hunk 2: EXACT: @@ -24,7 +27,7 @@
 Hunk 3: EXACT: @@ -32,14 +35,15 @@
 Hunk 4: EXACT: @@ -52,26 +56,28 @@
Patching: net/minecraft/world/level/block/JukeboxBlock.java
 Hunk 0: EXACT: @@ -26,28 +26,30 @@
 Hunk 1: EXACT: @@ -57,31 +59,41 @@
 Hunk 2: EXACT: @@ -107,11 +119,13 @@
 Hunk 3: EXACT: @@ -125,6 +139,6 @@
Patching: net/minecraft/world/level/block/LavaCauldronBlock.java
 Hunk 0: EXACT: @@ -24,6 +24,7 @@
Patching: net/minecraft/world/level/block/LayeredCauldronBlock.java
 Hunk 0: EXACT: @@ -16,89 +16,134 @@
Patching: net/minecraft/world/level/block/LeavesBlock.java
 Hunk 0: EXACT: @@ -16,12 +16,15 @@
 Hunk 1: EXACT: @@ -30,7 +33,7 @@
 Hunk 2: EXACT: @@ -40,12 +43,20 @@
 Hunk 3: EXACT: @@ -53,12 +64,12 @@
 Hunk 4: EXACT: @@ -68,13 +79,14 @@
 Hunk 5: EXACT: @@ -82,43 +94,45 @@
 Hunk 6: EXACT: @@ -126,13 +140,14 @@
Patching: net/minecraft/world/level/block/LecternBlock.java
 Hunk 0: EXACT: @@ -13,6 +13,7 @@
 Hunk 1: EXACT: @@ -36,23 +37,24 @@
 Hunk 2: EXACT: @@ -62,7 +64,7 @@
 Hunk 3: EXACT: @@ -72,54 +74,56 @@
 Hunk 4: EXACT: @@ -128,9 +132,9 @@
 Hunk 5: EXACT: @@ -140,30 +144,33 @@
 Hunk 6: EXACT: @@ -172,17 +179,17 @@
 Hunk 7: EXACT: @@ -191,16 +198,20 @@
 Hunk 8: EXACT: @@ -212,12 +223,12 @@
 Hunk 9: EXACT: @@ -227,10 +238,11 @@
 Hunk 10: EXACT: @@ -239,28 +251,30 @@
Patching: net/minecraft/world/level/block/LeverBlock.java
 Hunk 0: EXACT: @@ -8,6 +8,7 @@
 Hunk 1: EXACT: @@ -22,8 +23,10 @@
 Hunk 2: EXACT: @@ -39,82 +42,100 @@
 Hunk 3: EXACT: @@ -122,7 +143,7 @@
 Hunk 4: EXACT: @@ -132,12 +153,12 @@
 Hunk 5: EXACT: @@ -152,6 +173,6 @@
Patching: net/minecraft/world/level/block/LightBlock.java
 Hunk 0: EXACT: @@ -46,6 +46,7 @@
Patching: net/minecraft/world/level/block/LightningRodBlock.java
 Hunk 0: EXACT: @@ -26,12 +26,18 @@
 Hunk 1: EXACT: @@ -40,20 +46,21 @@
 Hunk 2: EXACT: @@ -61,47 +68,59 @@
 Hunk 3: EXACT: @@ -112,8 +131,8 @@
 Hunk 4: EXACT: @@ -121,15 +140,18 @@
 Hunk 5: EXACT: @@ -137,7 +159,7 @@
Patching: net/minecraft/world/level/block/LiquidBlock.java
 Hunk 0: EXACT: @@ -2,6 +2,7 @@
 Hunk 1: EXACT: @@ -29,6 +30,7 @@
 Hunk 2: EXACT: @@ -41,17 +43,17 @@
 Hunk 3: EXACT: @@ -76,8 +78,9 @@
 Hunk 4: EXACT: @@ -103,11 +106,27 @@
 Hunk 5: EXACT: @@ -120,27 +139,37 @@
 Hunk 6: EXACT: @@ -155,12 +184,12 @@
Patching: net/minecraft/world/level/block/MagmaBlock.java
 Hunk 0: EXACT: @@ -19,6 +19,7 @@
 Hunk 1: EXACT: @@ -27,8 +28,10 @@
 Hunk 2: EXACT: @@ -42,7 +45,7 @@
 Hunk 3: EXACT: @@ -50,16 +53,17 @@
Patching: net/minecraft/world/level/block/MultifaceSpreader.java
 Hunk 0: EXACT: @@ -1,6 +1,7 @@
 Hunk 1: EXACT: @@ -11,11 +12,12 @@
 Hunk 2: EXACT: @@ -23,69 +25,82 @@
 Hunk 3: EXACT: @@ -99,17 +114,19 @@
 Hunk 4: EXACT: @@ -132,47 +149,53 @@
Patching: net/minecraft/world/level/block/MushroomBlock.java
 Hunk 0: EXACT: @@ -1,5 +1,6 @@
 Hunk 1: EXACT: @@ -14,8 +15,12 @@
 Hunk 2: EXACT: @@ -27,17 +32,20 @@
 Hunk 3: EXACT: @@ -45,18 +53,18 @@
 Hunk 4: EXACT: @@ -69,18 +77,16 @@
 Hunk 5: EXACT: @@ -95,7 +101,7 @@
Patching: net/minecraft/world/level/block/NetherPortalBlock.java
 Hunk 0: EXACT: @@ -26,8 +26,12 @@
 Hunk 1: EXACT: @@ -35,31 +39,35 @@
 Hunk 2: EXACT: @@ -68,15 +76,21 @@
 Hunk 3: EXACT: @@ -85,26 +99,27 @@
 Hunk 4: EXACT: @@ -119,11 +134,11 @@
 Hunk 5: EXACT: @@ -134,6 +149,6 @@
Patching: net/minecraft/world/level/block/NetherWartBlock.java
 Hunk 0: EXACT: @@ -15,18 +15,19 @@
 Hunk 1: EXACT: @@ -36,15 +37,16 @@
 Hunk 2: EXACT: @@ -56,6 +58,6 @@
Patching: net/minecraft/world/level/block/NoteBlock.java
 Hunk 0: EXACT: @@ -25,43 +25,54 @@
 Hunk 1: EXACT: @@ -69,9 +80,9 @@
 Hunk 2: EXACT: @@ -80,22 +91,27 @@
Patching: net/minecraft/world/level/block/NyliumBlock.java
 Hunk 0: EXACT: @@ -11,23 +11,31 @@
 Hunk 1: EXACT: @@ -45,16 +53,17 @@
Patching: net/minecraft/world/level/block/ObserverBlock.java
 Hunk 0: EXACT: @@ -13,37 +13,49 @@
 Hunk 1: EXACT: @@ -51,7 +63,7 @@
 Hunk 2: EXACT: @@ -60,16 +72,17 @@
 Hunk 3: EXACT: @@ -84,16 +97,17 @@
 Hunk 4: EXACT: @@ -102,8 +116,8 @@
 Hunk 5: EXACT: @@ -111,6 +125,6 @@
Patching: net/minecraft/world/level/block/PointedDripstoneBlock.java
 Hunk 0: EXACT: @@ -7,8 +7,8 @@
 Hunk 1: EXACT: @@ -43,8 +43,13 @@
 Hunk 2: EXACT: @@ -77,60 +82,70 @@
 Hunk 3: EXACT: @@ -139,13 +154,14 @@
 Hunk 4: EXACT: @@ -153,58 +169,64 @@
 Hunk 5: EXACT: @@ -222,22 +244,24 @@
 Hunk 6: EXACT: @@ -247,26 +271,28 @@
 Hunk 7: EXACT: @@ -298,35 +324,40 @@
 Hunk 8: EXACT: @@ -335,26 +366,27 @@
 Hunk 9: EXACT: @@ -362,96 +394,105 @@
 Hunk 10: EXACT: @@ -459,59 +500,59 @@
 Hunk 11: EXACT: @@ -520,46 +561,49 @@
 Hunk 12: EXACT: @@ -572,25 +616,22 @@
 Hunk 13: EXACT: @@ -606,11 +647,13 @@
Patching: net/minecraft/world/level/block/PowderSnowBlock.java
 Hunk 0: EXACT: @@ -30,11 +30,12 @@
 Hunk 1: EXACT: @@ -44,7 +45,7 @@
 Hunk 2: EXACT: @@ -54,20 +55,27 @@
 Hunk 3: EXACT: @@ -78,24 +86,29 @@
 Hunk 4: EXACT: @@ -110,11 +123,7 @@
Patching: net/minecraft/world/level/block/PowderSnowCauldronBlock.java
 Hunk 0: EXACT: @@ -16,7 +16,14 @@
Patching: net/minecraft/world/level/block/PoweredRailBlock.java
 Hunk 0: EXACT: @@ -10,123 +10,120 @@
 Hunk 1: EXACT: @@ -135,76 +132,76 @@
 Hunk 2: EXACT: @@ -213,43 +210,44 @@
 Hunk 3: EXACT: @@ -258,6 +256,6 @@
Patching: net/minecraft/world/level/block/PressurePlateBlock.java
 Hunk 0: EXACT: @@ -1,5 +1,6 @@
 Hunk 1: EXACT: @@ -16,33 +17,35 @@
 Hunk 2: EXACT: @@ -50,30 +53,56 @@
 Hunk 3: EXACT: @@ -85,11 +114,13 @@
Patching: net/minecraft/world/level/block/PumpkinBlock.java
 Hunk 0: EXACT: @@ -27,13 +27,24 @@
Patching: net/minecraft/world/level/block/RailState.java
 Hunk 0: EXACT: @@ -17,6 +17,12 @@
 Hunk 1: EXACT: @@ -143,6 +149,11 @@
 Hunk 2: EXACT: @@ -333,10 +344,15 @@
 Hunk 3: EXACT: @@ -349,6 +365,6 @@
Patching: net/minecraft/world/level/block/RedStoneOreBlock.java
 Hunk 0: EXACT: @@ -20,25 +20,43 @@
 Hunk 1: EXACT: @@ -47,32 +65,43 @@
 Hunk 2: EXACT: @@ -80,33 +109,47 @@
 Hunk 3: EXACT: @@ -114,6 +157,6 @@
Patching: net/minecraft/world/level/block/RedStoneWireBlock.java
 Hunk 0: EXACT: @@ -3,7 +3,9 @@
 Hunk 1: EXACT: @@ -27,20 +29,23 @@
 Hunk 2: EXACT: @@ -48,15 +53,16 @@
 Hunk 3: EXACT: @@ -66,35 +72,41 @@
 Hunk 4: EXACT: @@ -103,31 +115,33 @@
 Hunk 5: EXACT: @@ -135,12 +149,16 @@
 Hunk 6: EXACT: @@ -154,38 +172,46 @@
 Hunk 7: EXACT: @@ -196,13 +222,15 @@
 Hunk 8: EXACT: @@ -210,36 +238,166 @@
 Hunk 9: EXACT: @@ -248,18 +406,25 @@
 Hunk 10: EXACT: @@ -267,16 +432,21 @@
 Hunk 11: EXACT: @@ -285,10 +455,19 @@
 Hunk 12: EXACT: @@ -300,27 +479,47 @@
 Hunk 13: EXACT: @@ -329,8 +528,14 @@
 Hunk 14: EXACT: @@ -347,31 +552,27 @@
 Hunk 15: EXACT: @@ -381,37 +582,45 @@
 Hunk 16: EXACT: @@ -422,11 +631,11 @@
 Hunk 17: EXACT: @@ -436,9 +645,9 @@
 Hunk 18: EXACT: @@ -446,7 +655,7 @@
 Hunk 19: EXACT: @@ -454,13 +663,14 @@
 Hunk 20: EXACT: @@ -470,10 +680,14 @@
Patching: net/minecraft/world/level/block/RedstoneLampBlock.java
 Hunk 0: EXACT: @@ -10,30 +10,38 @@
 Hunk 1: EXACT: @@ -42,14 +50,19 @@
Patching: net/minecraft/world/level/block/RedstoneTorchBlock.java
 Hunk 0: EXACT: @@ -16,10 +16,12 @@
 Hunk 1: EXACT: @@ -27,13 +29,18 @@
 Hunk 2: EXACT: @@ -41,8 +48,13 @@
 Hunk 3: EXACT: @@ -50,7 +62,7 @@
 Hunk 4: EXACT: @@ -59,31 +71,60 @@
 Hunk 5: EXACT: @@ -100,32 +141,38 @@
 Hunk 6: EXACT: @@ -137,6 +184,7 @@
Patching: net/minecraft/world/level/block/RespawnAnchorBlock.java
 Hunk 0: EXACT: @@ -72,9 +72,14 @@
Patching: net/minecraft/world/level/block/RootedDirtBlock.java
 Hunk 0: EXACT: @@ -9,6 +9,7 @@
 Hunk 1: EXACT: @@ -25,6 +26,6 @@
Patching: net/minecraft/world/level/block/SaplingBlock.java
 Hunk 0: EXACT: @@ -7,64 +7,94 @@
Patching: net/minecraft/world/level/block/ScaffoldingBlock.java
 Hunk 0: EXACT: @@ -1,5 +1,6 @@
 Hunk 1: EXACT: @@ -16,6 +17,7 @@
 Hunk 2: EXACT: @@ -23,6 +25,7 @@
 Hunk 3: EXACT: @@ -35,21 +38,17 @@
 Hunk 4: EXACT: @@ -64,28 +63,29 @@
 Hunk 5: EXACT: @@ -93,57 +93,59 @@
 Hunk 6: EXACT: @@ -154,16 +156,18 @@
Patching: net/minecraft/world/level/block/SculkBlock.java
 Hunk 0: EXACT: @@ -1,5 +1,6 @@
 Hunk 1: EXACT: @@ -10,9 +11,11 @@
 Hunk 2: EXACT: @@ -20,21 +23,28 @@
 Hunk 3: EXACT: @@ -42,42 +52,48 @@
Patching: net/minecraft/world/level/block/SculkCatalystBlock.java
 Hunk 0: EXACT: @@ -24,33 +24,34 @@
 Hunk 1: EXACT: @@ -62,7 +63,13 @@
 Hunk 2: EXACT: @@ -79,9 +86,16 @@
Patching: net/minecraft/world/level/block/SculkSensorBlock.java
 Hunk 0: EXACT: @@ -35,58 +35,64 @@
 Hunk 1: EXACT: @@ -96,7 +102,7 @@
 Hunk 2: EXACT: @@ -107,38 +113,53 @@
 Hunk 3: EXACT: @@ -147,8 +168,8 @@
 Hunk 4: EXACT: @@ -158,8 +179,8 @@
 Hunk 5: EXACT: @@ -168,8 +189,8 @@
 Hunk 6: EXACT: @@ -189,14 +210,14 @@
 Hunk 7: EXACT: @@ -207,7 +228,7 @@
 Hunk 8: EXACT: @@ -217,55 +238,75 @@
 Hunk 9: EXACT: @@ -275,9 +316,12 @@
 Hunk 10: EXACT: @@ -296,9 +340,16 @@
Patching: net/minecraft/world/level/block/SculkShriekerBlock.java
 Hunk 0: EXACT: @@ -23,37 +23,42 @@
 Hunk 1: EXACT: @@ -63,10 +68,12 @@
 Hunk 2: EXACT: @@ -76,10 +83,10 @@
 Hunk 3: EXACT: @@ -92,12 +99,12 @@
 Hunk 4: EXACT: @@ -113,8 +120,8 @@
 Hunk 5: EXACT: @@ -123,28 +130,37 @@
 Hunk 6: EXACT: @@ -153,8 +169,8 @@
Patching: net/minecraft/world/level/block/SculkVeinBlock.java
 Hunk 0: EXACT: @@ -1,6 +1,7 @@
 Hunk 1: EXACT: @@ -19,19 +20,23 @@
 Hunk 2: EXACT: @@ -44,42 +49,51 @@
 Hunk 3: EXACT: @@ -89,35 +103,46 @@
 Hunk 4: EXACT: @@ -134,8 +159,13 @@
 Hunk 5: EXACT: @@ -146,8 +176,8 @@
 Hunk 6: EXACT: @@ -156,7 +186,7 @@
 Hunk 7: EXACT: @@ -166,7 +196,7 @@
 Hunk 8: EXACT: @@ -174,35 +204,36 @@
Patching: net/minecraft/world/level/block/SnowLayerBlock.java
 Hunk 0: EXACT: @@ -22,6 +22,7 @@
 Hunk 1: EXACT: @@ -29,14 +30,14 @@
 Hunk 2: EXACT: @@ -48,22 +49,22 @@
 Hunk 3: EXACT: @@ -73,19 +74,14 @@
 Hunk 4: EXACT: @@ -96,6 +92,11 @@
 Hunk 5: EXACT: @@ -104,25 +105,20 @@
 Hunk 6: EXACT: @@ -130,6 +126,6 @@
Patching: net/minecraft/world/level/block/SpawnerBlock.java
 Hunk 0: EXACT: @@ -14,6 +14,7 @@
 Hunk 1: EXACT: @@ -32,11 +33,20 @@
Patching: net/minecraft/world/level/block/SpongeBlock.java
 Hunk 0: EXACT: @@ -13,7 +13,15 @@
 Hunk 1: EXACT: @@ -44,38 +52,49 @@
 Hunk 2: EXACT: @@ -85,6 +104,42 @@
Patching: net/minecraft/world/level/block/SpreadingSnowyDirtBlock.java
 Hunk 0: EXACT: @@ -2,6 +2,7 @@
 Hunk 1: EXACT: @@ -11,40 +12,51 @@
Patching: net/minecraft/world/level/block/StemBlock.java
 Hunk 0: EXACT: @@ -10,6 +10,7 @@
 Hunk 1: EXACT: @@ -18,8 +19,10 @@
 Hunk 2: EXACT: @@ -31,12 +34,12 @@
 Hunk 3: EXACT: @@ -48,18 +51,25 @@
 Hunk 4: EXACT: @@ -69,12 +79,12 @@
 Hunk 5: EXACT: @@ -84,18 +94,19 @@
Patching: net/minecraft/world/level/block/SugarCaneBlock.java
 Hunk 0: EXACT: @@ -1,5 +1,6 @@
 Hunk 1: EXACT: @@ -19,18 +20,19 @@
 Hunk 2: EXACT: @@ -45,16 +47,19 @@
 Hunk 3: EXACT: @@ -64,7 +69,7 @@
 Hunk 4: EXACT: @@ -72,17 +77,21 @@
 Hunk 5: EXACT: @@ -94,6 +103,6 @@
Patching: net/minecraft/world/level/block/SweetBerryBushBlock.java
 Hunk 0: EXACT: @@ -26,8 +26,16 @@
 Hunk 1: EXACT: @@ -36,7 +44,7 @@
 Hunk 2: EXACT: @@ -46,38 +54,40 @@
 Hunk 3: EXACT: @@ -86,17 +96,28 @@
 Hunk 4: EXACT: @@ -105,12 +126,12 @@
 Hunk 5: EXACT: @@ -120,7 +141,8 @@
Patching: net/minecraft/world/level/block/TargetBlock.java
 Hunk 0: EXACT: @@ -35,6 +35,10 @@
 Hunk 1: EXACT: @@ -46,6 +50,20 @@
Patching: net/minecraft/world/level/block/TntBlock.java
 Hunk 0: EXACT: @@ -26,18 +26,24 @@
 Hunk 1: EXACT: @@ -47,7 +53,12 @@
 Hunk 2: EXACT: @@ -55,8 +66,8 @@
 Hunk 3: EXACT: @@ -65,42 +76,57 @@
 Hunk 4: EXACT: @@ -112,11 +138,23 @@
 Hunk 5: EXACT: @@ -129,6 +167,6 @@
Patching: net/minecraft/world/level/block/TrapDoorBlock.java
 Hunk 0: EXACT: @@ -5,6 +5,7 @@
 Hunk 1: EXACT: @@ -18,6 +19,7 @@
 Hunk 2: EXACT: @@ -25,8 +27,10 @@
 Hunk 3: EXACT: @@ -41,24 +45,24 @@
 Hunk 4: EXACT: @@ -67,11 +71,11 @@
 Hunk 5: EXACT: @@ -82,42 +86,58 @@
 Hunk 6: EXACT: @@ -126,36 +146,37 @@
Patching: net/minecraft/world/level/block/TripWireBlock.java
 Hunk 0: EXACT: @@ -1,5 +1,6 @@
 Hunk 1: EXACT: @@ -18,11 +19,14 @@
 Hunk 2: EXACT: @@ -38,25 +42,26 @@
 Hunk 3: EXACT: @@ -69,35 +74,52 @@
 Hunk 4: EXACT: @@ -105,8 +127,9 @@
 Hunk 5: EXACT: @@ -114,54 +137,89 @@
 Hunk 6: EXACT: @@ -171,9 +229,9 @@
 Hunk 7: EXACT: @@ -181,6 +239,6 @@
Patching: net/minecraft/world/level/block/TripWireHookBlock.java
 Hunk 0: EXACT: @@ -26,8 +26,10 @@
 Hunk 1: EXACT: @@ -42,51 +44,57 @@
 Hunk 2: EXACT: @@ -96,73 +104,100 @@
 Hunk 3: EXACT: @@ -172,22 +207,22 @@
 Hunk 4: EXACT: @@ -200,15 +235,16 @@
 Hunk 5: EXACT: @@ -217,16 +253,12 @@
 Hunk 6: EXACT: @@ -236,16 +268,16 @@
Patching: net/minecraft/world/level/block/TurtleEggBlock.java
 Hunk 0: EXACT: @@ -28,8 +28,14 @@
 Hunk 1: EXACT: @@ -40,7 +46,7 @@
 Hunk 2: EXACT: @@ -64,6 +70,19 @@
 Hunk 3: EXACT: @@ -71,12 +90,13 @@
 Hunk 4: EXACT: @@ -85,22 +105,34 @@
 Hunk 5: EXACT: @@ -108,7 +140,7 @@
 Hunk 6: EXACT: @@ -117,7 +149,7 @@
 Hunk 7: EXACT: @@ -125,11 +157,8 @@
 Hunk 8: EXACT: @@ -140,35 +169,28 @@
Patching: net/minecraft/world/level/block/VineBlock.java
 Hunk 0: EXACT: @@ -1,6 +1,7 @@
 Hunk 1: EXACT: @@ -21,14 +22,16 @@
 Hunk 2: EXACT: @@ -41,38 +44,39 @@
 Hunk 3: EXACT: @@ -91,9 +95,12 @@
 Hunk 4: EXACT: @@ -105,15 +112,17 @@
 Hunk 5: EXACT: @@ -123,26 +132,31 @@
 Hunk 6: EXACT: @@ -154,68 +168,81 @@
 Hunk 7: EXACT: @@ -223,13 +250,14 @@
 Hunk 8: EXACT: @@ -239,11 +267,16 @@
 Hunk 9: EXACT: @@ -252,18 +285,21 @@
 Hunk 10: EXACT: @@ -274,48 +310,50 @@
 Hunk 11: EXACT: @@ -325,15 +363,15 @@
Patching: net/minecraft/world/level/block/WaterlilyBlock.java
 Hunk 0: EXACT: @@ -15,6 +15,7 @@
 Hunk 1: EXACT: @@ -24,7 +25,8 @@
 Hunk 2: EXACT: @@ -32,13 +34,14 @@
Patching: net/minecraft/world/level/block/WebBlock.java
 Hunk 0: EXACT: @@ -14,6 +14,7 @@
Patching: net/minecraft/world/level/block/WeightedPressurePlateBlock.java
 Hunk 0: EXACT: @@ -13,22 +13,50 @@
 Hunk 1: EXACT: @@ -37,22 +65,22 @@
 Hunk 2: EXACT: @@ -62,6 +90,6 @@
Patching: net/minecraft/world/level/block/WitherRoseBlock.java
 Hunk 0: EXACT: @@ -19,6 +19,7 @@
 Hunk 1: EXACT: @@ -30,14 +31,14 @@
 Hunk 2: EXACT: @@ -45,11 +46,13 @@
Patching: net/minecraft/world/level/block/WitherSkullBlock.java
 Hunk 0: EXACT: @@ -1,5 +1,6 @@
 Hunk 1: EXACT: @@ -7,6 +8,7 @@
 Hunk 2: EXACT: @@ -24,7 +26,13 @@
 Hunk 3: EXACT: @@ -37,44 +45,64 @@
 Hunk 4: EXACT: @@ -84,30 +112,26 @@
Patching: net/minecraft/world/level/block/entity/AbstractFurnaceBlockEntity.java
 Hunk 0: EXACT: @@ -2,8 +2,10 @@
 Hunk 1: EXACT: @@ -25,7 +27,6 @@
 Hunk 2: EXACT: @@ -43,8 +44,22 @@
 Hunk 3: EXACT: @@ -58,150 +73,205 @@
 Hunk 4: EXACT: @@ -217,132 +287,195 @@
 Hunk 5: EXACT: @@ -354,25 +487,26 @@
 Hunk 6: EXACT: @@ -382,11 +516,7 @@
 Hunk 7: EXACT: @@ -396,18 +526,24 @@
 Hunk 8: EXACT: @@ -422,15 +558,16 @@
 Hunk 9: EXACT: @@ -438,12 +575,8 @@
 Hunk 10: EXACT: @@ -453,8 +586,9 @@
 Hunk 11: EXACT: @@ -466,8 +600,9 @@
 Hunk 12: EXACT: @@ -479,42 +614,67 @@
Patching: net/minecraft/world/level/block/entity/BannerBlockEntity.java
 Hunk 0: EXACT: @@ -20,6 +20,7 @@
 Hunk 1: EXACT: @@ -34,7 +35,7 @@
 Hunk 2: EXACT: @@ -44,13 +45,14 @@
 Hunk 3: EXACT: @@ -59,14 +61,14 @@
 Hunk 4: EXACT: @@ -96,10 +98,15 @@
 Hunk 5: EXACT: @@ -114,13 +121,14 @@
 Hunk 6: EXACT: @@ -128,13 +136,16 @@
 Hunk 7: EXACT: @@ -144,33 +155,37 @@
Patching: net/minecraft/world/level/block/entity/BarrelBlockEntity.java
 Hunk 0: EXACT: @@ -1,6 +1,7 @@
 Hunk 1: EXACT: @@ -18,39 +19,82 @@
 Hunk 2: EXACT: @@ -121,14 +165,15 @@
Patching: net/minecraft/world/level/block/entity/BaseContainerBlockEntity.java
 Hunk 0: EXACT: @@ -16,11 +16,13 @@
 Hunk 1: EXACT: @@ -28,7 +30,7 @@
 Hunk 2: EXACT: @@ -66,7 +68,7 @@
 Hunk 3: EXACT: @@ -86,4 +88,12 @@
Patching: net/minecraft/world/level/block/entity/BeaconBlockEntity.java
 Hunk 0: EXACT: @@ -3,6 +3,7 @@
 Hunk 1: EXACT: @@ -35,11 +36,20 @@
 Hunk 2: EXACT: @@ -55,129 +65,180 @@
 Hunk 3: EXACT: @@ -185,70 +246,140 @@
 Hunk 4: EXACT: @@ -263,20 +394,25 @@
 Hunk 5: EXACT: @@ -290,6 +426,7 @@
 Hunk 6: EXACT: @@ -304,7 +441,7 @@
 Hunk 7: EXACT: @@ -314,6 +451,7 @@
Patching: net/minecraft/world/level/block/entity/BeehiveBlockEntity.java
 Hunk 0: EXACT: @@ -28,6 +28,7 @@
 Hunk 1: EXACT: @@ -42,6 +43,7 @@
 Hunk 2: EXACT: @@ -50,7 +52,7 @@
 Hunk 3: EXACT: @@ -60,13 +62,19 @@
 Hunk 4: EXACT: @@ -75,20 +83,26 @@
 Hunk 5: EXACT: @@ -98,9 +112,16 @@
 Hunk 6: EXACT: @@ -118,8 +139,13 @@
 Hunk 7: EXACT: @@ -128,23 +154,38 @@
 Hunk 8: EXACT: @@ -157,65 +198,92 @@
 Hunk 9: EXACT: @@ -225,19 +293,26 @@
 Hunk 10: EXACT: @@ -247,33 +322,41 @@
 Hunk 11: EXACT: @@ -283,12 +366,13 @@
 Hunk 12: EXACT: @@ -296,6 +380,11 @@
 Hunk 13: EXACT: @@ -305,41 +394,50 @@
Patching: net/minecraft/world/level/block/entity/BellBlockEntity.java
 Hunk 0: EXACT: @@ -61,6 +61,11 @@
 Hunk 1: EXACT: @@ -74,6 +79,7 @@
 Hunk 2: EXACT: @@ -116,6 +122,7 @@
 Hunk 3: EXACT: @@ -131,7 +138,7 @@
 Hunk 4: EXACT: @@ -163,7 +170,11 @@
Patching: net/minecraft/world/level/block/entity/BlockEntity.java
 Hunk 0: EXACT: @@ -15,7 +15,25 @@
 Hunk 1: EXACT: @@ -28,6 +46,7 @@
 Hunk 2: EXACT: @@ -47,36 +66,52 @@
 Hunk 3: EXACT: @@ -97,29 +132,30 @@
 Hunk 4: EXACT: @@ -127,7 +163,8 @@
 Hunk 5: EXACT: @@ -175,10 +212,17 @@
 Hunk 6: EXACT: @@ -196,4 +240,28 @@
Patching: net/minecraft/world/level/block/entity/BrewingStandBlockEntity.java
 Hunk 0: EXACT: @@ -1,6 +1,7 @@
 Hunk 1: EXACT: @@ -22,8 +23,21 @@
 Hunk 2: EXACT: @@ -33,44 +47,76 @@
 Hunk 3: EXACT: @@ -85,82 +131,111 @@
 Hunk 4: EXACT: @@ -169,25 +244,48 @@
 Hunk 5: EXACT: @@ -202,14 +300,14 @@
 Hunk 6: EXACT: @@ -232,31 +330,17 @@
Patching: net/minecraft/world/level/block/entity/CampfireBlockEntity.java
 Hunk 0: EXACT: @@ -25,32 +25,70 @@
 Hunk 1: EXACT: @@ -58,48 +96,50 @@
 Hunk 2: EXACT: @@ -115,16 +155,28 @@
 Hunk 3: EXACT: @@ -133,6 +185,13 @@
 Hunk 4: EXACT: @@ -142,22 +201,24 @@
Patching: net/minecraft/world/level/block/entity/ChestBlockEntity.java
 Hunk 0: EXACT: @@ -22,40 +22,80 @@
 Hunk 1: EXACT: @@ -96,18 +136,21 @@
 Hunk 2: EXACT: @@ -153,11 +196,13 @@
 Hunk 3: EXACT: @@ -165,9 +210,10 @@
 Hunk 4: EXACT: @@ -184,6 +230,14 @@
Patching: net/minecraft/world/level/block/entity/CommandBlockEntity.java
 Hunk 0: EXACT: @@ -2,6 +2,7 @@
 Hunk 1: EXACT: @@ -14,10 +15,18 @@
 Hunk 2: EXACT: @@ -26,13 +35,14 @@
 Hunk 3: EXACT: @@ -42,7 +52,7 @@
 Hunk 4: EXACT: @@ -90,17 +100,19 @@
 Hunk 5: EXACT: @@ -108,6 +120,7 @@
 Hunk 6: EXACT: @@ -122,10 +135,12 @@
 Hunk 7: EXACT: @@ -135,24 +150,21 @@
Patching: net/minecraft/world/level/block/entity/ConduitBlockEntity.java
 Hunk 0: EXACT: @@ -1,6 +1,7 @@
 Hunk 1: EXACT: @@ -26,8 +27,13 @@
 Hunk 2: EXACT: @@ -82,15 +88,16 @@
 Hunk 3: EXACT: @@ -99,31 +106,34 @@
 Hunk 4: EXACT: @@ -136,30 +146,40 @@
 Hunk 5: EXACT: @@ -175,13 +195,18 @@
 Hunk 6: EXACT: @@ -189,30 +214,37 @@
 Hunk 7: EXACT: @@ -222,7 +254,7 @@
 Hunk 8: EXACT: @@ -234,40 +266,52 @@
Patching: net/minecraft/world/level/block/entity/ContainerOpenersCounter.java
 Hunk 0: EXACT: @@ -10,8 +10,12 @@
 Hunk 1: EXACT: @@ -19,24 +23,63 @@
 Hunk 2: EXACT: @@ -47,22 +90,26 @@
 Hunk 3: EXACT: @@ -70,7 +117,7 @@
Patching: net/minecraft/world/level/block/entity/DispenserBlockEntity.java
 Hunk 0: EXACT: @@ -12,13 +12,50 @@
 Hunk 1: EXACT: @@ -31,12 +68,12 @@
 Hunk 2: EXACT: @@ -45,8 +82,8 @@
Patching: net/minecraft/world/level/block/entity/EnchantmentTableBlockEntity.java
 Hunk 0: EXACT: @@ -42,7 +42,7 @@
Patching: net/minecraft/world/level/block/entity/EnderChestBlockEntity.java
 Hunk 0: EXACT: @@ -9,16 +9,17 @@
 Hunk 1: EXACT: @@ -65,11 +66,7 @@
Patching: net/minecraft/world/level/block/entity/Hopper.java
 Hunk 0: EXACT: @@ -14,6 +14,8 @@
Patching: net/minecraft/world/level/block/entity/HopperBlockEntity.java
 Hunk 0: EXACT: @@ -1,8 +1,8 @@
 Hunk 1: EXACT: @@ -10,6 +10,7 @@
 Hunk 2: EXACT: @@ -17,8 +18,8 @@
 Hunk 3: EXACT: @@ -30,16 +31,56 @@
 Hunk 4: EXACT: @@ -70,13 +111,13 @@
 Hunk 5: EXACT: @@ -94,29 +135,35 @@
 Hunk 6: EXACT: @@ -127,119 +174,395 @@
 Hunk 7: EXACT: @@ -247,47 +570,58 @@
 Hunk 8: EXACT: @@ -300,79 +634,81 @@
 Hunk 9: EXACT: @@ -398,16 +734,16 @@
Patching: net/minecraft/world/level/block/entity/LecternBlockEntity.java
 Hunk 0: EXACT: @@ -23,13 +23,71 @@
 Hunk 1: EXACT: @@ -48,12 +106,13 @@
 Hunk 2: EXACT: @@ -62,22 +121,31 @@
 Hunk 3: EXACT: @@ -87,11 +155,7 @@
 Hunk 4: EXACT: @@ -100,8 +164,7 @@
 Hunk 5: EXACT: @@ -122,12 +185,13 @@
 Hunk 6: EXACT: @@ -139,7 +203,7 @@
 Hunk 7: EXACT: @@ -156,11 +220,12 @@
 Hunk 8: EXACT: @@ -170,7 +235,8 @@
 Hunk 9: EXACT: @@ -182,19 +248,48 @@
 Hunk 10: EXACT: @@ -206,13 +301,13 @@
 Hunk 11: EXACT: @@ -232,7 +327,7 @@
Patching: net/minecraft/world/level/block/entity/RandomizableContainerBlockEntity.java
 Hunk 0: EXACT: @@ -28,6 +28,7 @@
 Hunk 1: EXACT: @@ -42,16 +43,19 @@
 Hunk 2: EXACT: @@ -60,18 +64,19 @@
 Hunk 3: EXACT: @@ -90,12 +95,19 @@
Patching: net/minecraft/world/level/block/entity/SculkCatalystBlockEntity.java
 Hunk 0: EXACT: @@ -20,11 +20,14 @@
 Hunk 1: EXACT: @@ -47,24 +50,30 @@
 Hunk 2: EXACT: @@ -77,7 +86,9 @@
Patching: net/minecraft/world/level/block/entity/SculkSensorBlockEntity.java
 Hunk 0: EXACT: @@ -36,9 +36,11 @@
 Hunk 1: EXACT: @@ -46,6 +48,7 @@
Patching: net/minecraft/world/level/block/entity/ShulkerBoxBlockEntity.java
 Hunk 0: EXACT: @@ -30,8 +30,13 @@
 Hunk 1: EXACT: @@ -41,21 +46,56 @@
 Hunk 2: EXACT: @@ -74,7 +114,7 @@
 Hunk 3: EXACT: @@ -84,7 +124,7 @@
 Hunk 4: EXACT: @@ -98,19 +138,21 @@
 Hunk 5: EXACT: @@ -129,12 +171,12 @@
 Hunk 6: EXACT: @@ -155,10 +197,11 @@
 Hunk 7: EXACT: @@ -168,10 +211,11 @@
 Hunk 8: EXACT: @@ -217,7 +261,7 @@
 Hunk 9: EXACT: @@ -249,9 +293,9 @@
Patching: net/minecraft/world/level/block/entity/SignBlockEntity.java
 Hunk 0: EXACT: @@ -12,6 +12,7 @@
 Hunk 1: EXACT: @@ -23,39 +24,54 @@
 Hunk 2: EXACT: @@ -66,15 +82,33 @@
 Hunk 3: EXACT: @@ -83,24 +117,32 @@
 Hunk 4: EXACT: @@ -125,8 +167,8 @@
 Hunk 5: EXACT: @@ -174,21 +216,76 @@
 Hunk 6: EXACT: @@ -221,6 +318,6 @@
Patching: net/minecraft/world/level/block/entity/SkullBlockEntity.java
 Hunk 0: EXACT: @@ -114,13 +114,28 @@
 Hunk 1: EXACT: @@ -137,6 +152,20 @@
Patching: net/minecraft/world/level/block/entity/TheEndGatewayBlockEntity.java
 Hunk 0: EXACT: @@ -1,6 +1,7 @@
 Hunk 1: EXACT: @@ -10,6 +11,7 @@
 Hunk 2: EXACT: @@ -24,13 +26,21 @@
 Hunk 3: EXACT: @@ -66,9 +76,10 @@
 Hunk 4: EXACT: @@ -84,23 +95,32 @@
 Hunk 5: EXACT: @@ -119,11 +139,11 @@
 Hunk 6: EXACT: @@ -156,96 +176,140 @@
 Hunk 7: EXACT: @@ -253,7 +317,7 @@
 Hunk 8: EXACT: @@ -262,27 +326,31 @@
 Hunk 9: EXACT: @@ -296,9 +364,13 @@
Patching: net/minecraft/world/level/block/grower/AbstractMegaTreeGrower.java
 Hunk 0: EXACT: @@ -13,11 +13,14 @@
 Hunk 1: EXACT: @@ -31,16 +34,19 @@
 Hunk 2: EXACT: @@ -54,6 +60,7 @@
Patching: net/minecraft/world/level/block/grower/AbstractTreeGrower.java
 Hunk 0: EXACT: @@ -1,31 +1,43 @@
 Hunk 1: EXACT: @@ -37,12 +49,66 @@
Patching: net/minecraft/world/level/block/piston/PistonBaseBlock.java
 Hunk 0: EXACT: @@ -2,8 +2,10 @@
 Hunk 1: EXACT: @@ -35,8 +37,16 @@
 Hunk 2: EXACT: @@ -52,27 +62,27 @@
 Hunk 3: EXACT: @@ -107,38 +117,61 @@
 Hunk 4: EXACT: @@ -146,10 +179,15 @@
 Hunk 5: EXACT: @@ -160,66 +198,100 @@
 Hunk 6: EXACT: @@ -248,7 +320,7 @@
 Hunk 7: EXACT: @@ -263,94 +335,170 @@
 Hunk 8: EXACT: @@ -359,22 +507,22 @@
Patching: net/minecraft/world/level/block/piston/PistonMovingBlockEntity.java
 Hunk 0: EXACT: @@ -140,6 +140,10 @@
 Hunk 1: EXACT: @@ -281,7 +285,7 @@
Patching: net/minecraft/world/level/block/state/BlockBehaviour.java
 Hunk 0: EXACT: @@ -1,3 +1,4 @@
 Hunk 1: EXACT: @@ -33,6 +34,7 @@
 Hunk 2: EXACT: @@ -68,6 +70,7 @@
 Hunk 3: EXACT: @@ -98,8 +101,7 @@
 Hunk 4: EXACT: @@ -134,14 +136,22 @@
 Hunk 5: EXACT: @@ -219,7 +229,7 @@
 Hunk 6: EXACT: @@ -231,14 +241,16 @@
 Hunk 7: EXACT: @@ -269,11 +281,7 @@
 Hunk 8: EXACT: @@ -339,30 +347,29 @@
 Hunk 9: EXACT: @@ -372,8 +379,7 @@
 Hunk 10: EXACT: @@ -383,8 +389,9 @@
 Hunk 11: EXACT: @@ -392,30 +399,280 @@
 Hunk 12: EXACT: @@ -427,38 +684,116 @@
 Hunk 13: EXACT: @@ -483,19 +818,19 @@
 Hunk 14: EXACT: @@ -556,19 +891,20 @@
 Hunk 15: EXACT: @@ -617,12 +953,13 @@
 Hunk 16: EXACT: @@ -642,11 +979,15 @@
 Hunk 17: EXACT: @@ -754,19 +1095,19 @@
 Hunk 18: EXACT: @@ -803,7 +1144,8 @@
 Hunk 19: EXACT: @@ -818,17 +1160,25 @@
 Hunk 20: EXACT: @@ -836,14 +1186,22 @@
 Hunk 21: EXACT: @@ -852,250 +1210,19 @@
Patching: net/minecraft/world/level/block/state/BlockState.java
 Hunk 0: EXACT: @@ -10,6 +10,17 @@
Patching: net/minecraft/world/level/block/state/StateHolder.java
 Hunk 0: EXACT: @@ -39,11 +39,13 @@
 Hunk 1: EXACT: @@ -84,11 +86,11 @@
 Hunk 2: EXACT: @@ -97,24 +99,18 @@
 Hunk 3: EXACT: @@ -133,7 +129,7 @@
Patching: net/minecraft/world/level/block/state/properties/BooleanProperty.java
 Hunk 0: EXACT: @@ -7,6 +7,13 @@
 Hunk 1: EXACT: @@ -30,8 +37,7 @@
Patching: net/minecraft/world/level/block/state/properties/EnumProperty.java
 Hunk 0: EXACT: @@ -15,6 +15,15 @@
 Hunk 1: EXACT: @@ -28,6 +37,14 @@
 Hunk 2: EXACT: @@ -45,8 +62,7 @@
Patching: net/minecraft/world/level/block/state/properties/IntegerProperty.java
 Hunk 0: EXACT: @@ -11,6 +11,16 @@
 Hunk 1: EXACT: @@ -35,8 +45,7 @@
Patching: net/minecraft/world/level/block/state/properties/Property.java
 Hunk 0: EXACT: @@ -22,6 +22,17 @@
 Hunk 1: EXACT: @@ -68,14 +79,7 @@
Patching: net/minecraft/world/level/border/WorldBorder.java
 Hunk 0: EXACT: @@ -2,6 +2,7 @@
 Hunk 1: EXACT: @@ -15,6 +16,7 @@
 Hunk 2: EXACT: @@ -27,13 +29,28 @@
 Hunk 3: EXACT: @@ -61,18 +78,20 @@
 Hunk 4: EXACT: @@ -104,12 +123,23 @@
 Hunk 5: EXACT: @@ -127,19 +157,50 @@
 Hunk 6: EXACT: @@ -149,6 +210,7 @@
 Hunk 7: EXACT: @@ -171,9 +233,12 @@
 Hunk 8: EXACT: @@ -184,9 +249,12 @@
 Hunk 9: EXACT: @@ -201,9 +269,12 @@
 Hunk 10: EXACT: @@ -214,9 +285,12 @@
 Hunk 11: EXACT: @@ -243,7 +317,96 @@
 Hunk 12: EXACT: @@ -271,50 +434,52 @@
 Hunk 13: EXACT: @@ -333,16 +498,15 @@
 Hunk 14: EXACT: @@ -352,6 +516,7 @@
 Hunk 15: EXACT: @@ -423,16 +588,17 @@
 Hunk 16: EXACT: @@ -443,95 +609,8 @@
Patching: net/minecraft/world/level/chunk/ChunkAccess.java
 Hunk 0: EXACT: @@ -11,6 +11,7 @@
 Hunk 1: EXACT: @@ -51,12 +52,13 @@
 Hunk 2: EXACT: @@ -75,8 +77,55 @@
 Hunk 3: EXACT: @@ -87,17 +136,23 @@
 Hunk 4: EXACT: @@ -107,6 +162,7 @@
 Hunk 5: EXACT: @@ -116,12 +172,13 @@
 Hunk 6: EXACT: @@ -129,12 +186,14 @@
 Hunk 7: EXACT: @@ -147,7 +206,7 @@
 Hunk 8: EXACT: @@ -156,8 +215,8 @@
 Hunk 9: EXACT: @@ -166,14 +225,15 @@
 Hunk 10: EXACT: @@ -186,7 +246,7 @@
 Hunk 11: EXACT: @@ -207,14 +267,14 @@
 Hunk 12: EXACT: @@ -239,8 +299,8 @@
 Hunk 13: EXACT: @@ -250,10 +310,11 @@
 Hunk 14: EXACT: @@ -261,7 +322,7 @@
 Hunk 15: EXACT: @@ -269,7 +330,7 @@
 Hunk 16: EXACT: @@ -278,7 +339,7 @@
 Hunk 17: EXACT: @@ -350,7 +411,7 @@
 Hunk 18: EXACT: @@ -360,7 +421,7 @@
 Hunk 19: EXACT: @@ -369,30 +430,54 @@
 Hunk 20: EXACT: @@ -413,7 +498,9 @@
Patching: net/minecraft/world/level/chunk/ChunkGenerator.java
 Hunk 0: EXACT: @@ -2,13 +2,13 @@
 Hunk 1: EXACT: @@ -16,8 +16,11 @@
 Hunk 2: EXACT: @@ -40,6 +43,7 @@
 Hunk 3: EXACT: @@ -51,7 +55,6 @@
 Hunk 4: EXACT: @@ -84,6 +87,7 @@
 Hunk 5: EXACT: @@ -91,104 +95,191 @@
 Hunk 6: EXACT: @@ -210,13 +301,39 @@
 Hunk 7: EXACT: @@ -224,47 +341,56 @@
 Hunk 8: EXACT: @@ -277,22 +403,29 @@
 Hunk 9: EXACT: @@ -303,18 +436,20 @@
 Hunk 10: EXACT: @@ -327,22 +462,37 @@
 Hunk 11: EXACT: @@ -354,116 +504,184 @@
 Hunk 12: EXACT: @@ -474,12 +692,13 @@
 Hunk 13: EXACT: @@ -499,80 +718,100 @@
 Hunk 14: EXACT: @@ -581,13 +820,16 @@
 Hunk 15: EXACT: @@ -595,45 +837,50 @@
 Hunk 16: EXACT: @@ -649,7 +896,7 @@
 Hunk 17: EXACT: @@ -670,13 +917,14 @@
 Hunk 18: EXACT: @@ -684,6 +932,6 @@
Patching: net/minecraft/world/level/chunk/ChunkStatus.java
 Hunk 0: EXACT: @@ -28,144 +28,160 @@
 Hunk 1: EXACT: @@ -179,35 +195,37 @@
 Hunk 2: EXACT: @@ -217,19 +235,15 @@
 Hunk 3: EXACT: @@ -256,13 +270,14 @@
 Hunk 4: EXACT: @@ -277,8 +292,19 @@
 Hunk 5: EXACT: @@ -289,32 +315,37 @@
Patching: net/minecraft/world/level/chunk/DataLayer.java
 Hunk 0: EXACT: @@ -1,3 +1,4 @@
 Hunk 1: EXACT: @@ -5,6 +6,7 @@
 Hunk 2: EXACT: @@ -12,13 +14,12 @@
 Hunk 3: EXACT: @@ -27,11 +28,11 @@
 Hunk 4: EXACT: @@ -42,9 +43,10 @@
 Hunk 5: EXACT: @@ -53,11 +55,12 @@
 Hunk 6: EXACT: @@ -77,39 +80,38 @@
Patching: net/minecraft/world/level/chunk/EmptyLevelChunk.java
 Hunk 0: EXACT: @@ -22,6 +22,44 @@
Patching: net/minecraft/world/level/chunk/HashMapPalette.java
 Hunk 0: EXACT: @@ -19,7 +19,7 @@
 Hunk 1: EXACT: @@ -37,10 +37,16 @@
Patching: net/minecraft/world/level/chunk/ImposterProtoChunk.java
 Hunk 0: EXACT: @@ -31,6 +31,48 @@
 Hunk 1: EXACT: @@ -47,6 +89,12 @@
Patching: net/minecraft/world/level/chunk/LevelChunk.java
 Hunk 0: EXACT: @@ -1,11 +1,16 @@
 Hunk 1: EXACT: @@ -21,6 +26,7 @@
 Hunk 2: EXACT: @@ -49,11 +55,11 @@
 Hunk 3: EXACT: @@ -70,10 +76,10 @@
 Hunk 4: EXACT: @@ -81,51 +87,328 @@
 Hunk 5: EXACT: @@ -143,137 +426,201 @@
 Hunk 6: EXACT: @@ -282,13 +629,13 @@
 Hunk 7: EXACT: @@ -297,44 +644,55 @@
 Hunk 8: EXACT: @@ -347,76 +705,107 @@
 Hunk 9: EXACT: @@ -425,9 +814,10 @@
 Hunk 10: EXACT: @@ -440,28 +830,129 @@
 Hunk 11: EXACT: @@ -481,27 +972,35 @@
 Hunk 12: EXACT: @@ -509,37 +1008,47 @@
 Hunk 13: EXACT: @@ -563,7 +1072,7 @@
 Hunk 14: EXACT: @@ -573,50 +1082,59 @@
 Hunk 15: EXACT: @@ -637,111 +1155,126 @@
Patching: net/minecraft/world/level/chunk/LevelChunkSection.java
 Hunk 0: EXACT: @@ -15,40 +15,151 @@
 Hunk 1: EXACT: @@ -63,24 +174,29 @@
 Hunk 2: EXACT: @@ -88,14 +204,18 @@
 Hunk 3: EXACT: @@ -119,36 +239,32 @@
 Hunk 4: EXACT: @@ -162,15 +278,19 @@
 Hunk 5: EXACT: @@ -182,22 +302,28 @@
Patching: net/minecraft/world/level/chunk/PalettedContainer.java
 Hunk 0: EXACT: @@ -29,26 +29,32 @@
 Hunk 1: EXACT: @@ -56,7 +62,7 @@
 Hunk 2: EXACT: @@ -65,19 +71,52 @@
 Hunk 3: EXACT: @@ -90,13 +129,35 @@
 Hunk 4: EXACT: @@ -115,7 +176,7 @@
 Hunk 5: EXACT: @@ -132,7 +193,7 @@
 Hunk 6: EXACT: @@ -142,7 +203,7 @@
 Hunk 7: EXACT: @@ -157,7 +218,7 @@
 Hunk 8: EXACT: @@ -166,25 +227,36 @@
 Hunk 9: EXACT: @@ -220,11 +292,11 @@
 Hunk 10: EXACT: @@ -280,12 +352,12 @@
 Hunk 11: EXACT: @@ -311,6 +383,14 @@
 Hunk 12: EXACT: @@ -329,9 +409,20 @@
Patching: net/minecraft/world/level/chunk/PalettedContainerRO.java
 Hunk 0: EXACT: @@ -14,7 +14,10 @@
Patching: net/minecraft/world/level/chunk/ProtoChunk.java
 Hunk 0: EXACT: @@ -55,6 +55,12 @@
 Hunk 1: EXACT: @@ -74,16 +80,32 @@
Patching: net/minecraft/world/level/chunk/storage/ChunkSerializer.java
 Hunk 0: EXACT: @@ -3,14 +3,19 @@
 Hunk 1: EXACT: @@ -23,8 +28,11 @@
 Hunk 2: EXACT: @@ -37,7 +45,6 @@
 Hunk 3: EXACT: @@ -61,7 +68,20 @@
 Hunk 4: EXACT: @@ -74,342 +94,679 @@
 Hunk 5: EXACT: @@ -420,48 +777,60 @@
 Hunk 6: EXACT: @@ -469,23 +838,28 @@
 Hunk 7: EXACT: @@ -499,19 +873,27 @@
Patching: net/minecraft/world/level/chunk/storage/ChunkStorage.java
 Hunk 0: EXACT: @@ -12,70 +12,151 @@
 Hunk 1: EXACT: @@ -83,27 +164,56 @@
Patching: net/minecraft/world/level/chunk/storage/EntityStorage.java
 Hunk 0: EXACT: @@ -90,7 +90,18 @@
 Hunk 1: EXACT: @@ -117,7 +128,7 @@
Patching: net/minecraft/world/level/chunk/storage/RegionBitmap.java
 Hunk 0: EXACT: @@ -9,6 +9,27 @@
Patching: net/minecraft/world/level/chunk/storage/RegionFile.java
 Hunk 0: EXACT: @@ -1,3 +1,4 @@
 Hunk 1: EXACT: @@ -8,19 +9,26 @@
 Hunk 2: EXACT: @@ -35,25 +43,415 @@
 Hunk 3: EXACT: @@ -62,81 +460,213 @@
 Hunk 4: EXACT: @@ -144,36 +674,38 @@
 Hunk 5: EXACT: @@ -197,33 +729,35 @@
 Hunk 6: EXACT: @@ -231,69 +765,75 @@
 Hunk 7: EXACT: @@ -301,60 +841,73 @@
 Hunk 8: EXACT: @@ -364,42 +917,136 @@
Patching: net/minecraft/world/level/chunk/storage/RegionFileStorage.java
 Hunk 0: EXACT: @@ -1,161 +1,375 @@
Patching: net/minecraft/world/level/chunk/storage/RegionFileVersion.java
 Hunk 0: EXACT: @@ -14,7 +14,7 @@
Patching: net/minecraft/world/level/chunk/storage/SectionStorage.java
 Hunk 0: EXACT: @@ -34,10 +34,10 @@
 Hunk 1: EXACT: @@ -48,14 +48,49 @@
 Hunk 2: EXACT: @@ -70,11 +105,11 @@
 Hunk 3: EXACT: @@ -122,15 +157,20 @@
 Hunk 4: EXACT: @@ -142,7 +182,14 @@
 Hunk 5: EXACT: @@ -162,6 +209,7 @@
 Hunk 6: EXACT: @@ -170,7 +218,7 @@
 Hunk 7: EXACT: @@ -198,6 +246,21 @@
 Hunk 8: EXACT: @@ -233,6 +296,23 @@
Patching: net/minecraft/world/level/dimension/end/EndDragonFight.java
 Hunk 0: EXACT: @@ -89,6 +89,10 @@
 Hunk 1: EXACT: @@ -213,7 +217,7 @@
 Hunk 2: EXACT: @@ -364,9 +368,23 @@
 Hunk 3: EXACT: @@ -395,6 +413,11 @@
 Hunk 4: EXACT: @@ -405,6 +428,7 @@
Patching: net/minecraft/world/level/entity/EntityLookup.java
 Hunk 0: EXACT: @@ -20,7 +20,7 @@
 Hunk 1: EXACT: @@ -34,6 +34,26 @@
Patching: net/minecraft/world/level/entity/EntitySection.java
 Hunk 0: EXACT: @@ -13,6 +13,10 @@
 Hunk 1: EXACT: @@ -20,10 +24,24 @@
 Hunk 2: EXACT: @@ -42,7 +60,7 @@
Patching: net/minecraft/world/level/entity/EntitySectionStorage.java
 Hunk 0: EXACT: @@ -112,13 +112,20 @@
Patching: net/minecraft/world/level/entity/EntityTickList.java
 Hunk 0: EXACT: @@ -8,54 +8,42 @@
Patching: net/minecraft/world/level/entity/LevelEntityGetter.java
 Hunk 0: EXACT: @@ -17,6 +17,7 @@
Patching: net/minecraft/world/level/entity/LevelEntityGetterAdapter.java
 Hunk 0: EXACT: @@ -38,7 +38,13 @@
Patching: net/minecraft/world/level/entity/PersistentEntitySectionManager.java
 Hunk 0: EXACT: @@ -5,17 +5,21 @@
 Hunk 1: EXACT: @@ -25,24 +29,30 @@
 Hunk 2: EXACT: @@ -51,6 +61,75 @@
 Hunk 3: EXACT: @@ -59,8 +138,24 @@
 Hunk 4: EXACT: @@ -72,18 +167,22 @@
 Hunk 5: EXACT: @@ -101,76 +200,86 @@
 Hunk 6: EXACT: @@ -178,52 +287,71 @@
 Hunk 7: EXACT: @@ -237,46 +365,58 @@
 Hunk 8: EXACT: @@ -284,14 +424,16 @@
 Hunk 9: EXACT: @@ -299,9 +441,16 @@
 Hunk 10: EXACT: @@ -312,13 +461,18 @@
 Hunk 11: EXACT: @@ -326,16 +480,19 @@
 Hunk 12: EXACT: @@ -345,66 +502,103 @@
 Hunk 13: EXACT: @@ -413,11 +607,14 @@
 Hunk 14: EXACT: @@ -431,14 +628,8 @@
Patching: net/minecraft/world/level/gameevent/DynamicGameEventListener.java
 Hunk 0: EXACT: @@ -66,7 +66,7 @@
Patching: net/minecraft/world/level/gameevent/vibrations/VibrationListener.java
 Hunk 0: EXACT: @@ -2,6 +2,7 @@
 Hunk 1: EXACT: @@ -26,8 +27,13 @@
 Hunk 2: EXACT: @@ -38,18 +44,18 @@
 Hunk 3: EXACT: @@ -64,12 +70,14 @@
 Hunk 4: EXACT: @@ -92,23 +100,33 @@
 Hunk 5: EXACT: @@ -117,7 +135,7 @@
 Hunk 6: EXACT: @@ -125,13 +143,17 @@
 Hunk 7: EXACT: @@ -140,54 +162,8 @@
 Hunk 8: EXACT: @@ -201,6 +177,7 @@
 Hunk 9: EXACT: @@ -208,8 +185,9 @@
 Hunk 10: EXACT: @@ -220,11 +198,7 @@
 Hunk 11: EXACT: @@ -232,7 +206,62 @@
Patching: net/minecraft/world/level/levelgen/Beardifier.java
 Hunk 0: EXACT: @@ -36,9 +36,10 @@
 Hunk 1: EXACT: @@ -63,7 +64,7 @@
Patching: net/minecraft/world/level/levelgen/DensityFunctions.java
 Hunk 0: EXACT: @@ -489,6 +489,16 @@
 Hunk 1: EXACT: @@ -501,15 +511,29 @@
Patching: net/minecraft/world/level/levelgen/FlatLevelSource.java
 Hunk 0: EXACT: @@ -3,6 +3,8 @@
 Hunk 1: EXACT: @@ -23,19 +25,30 @@
 Hunk 2: EXACT: @@ -43,8 +56,7 @@
 Hunk 3: EXACT: @@ -54,20 +66,21 @@
 Hunk 4: EXACT: @@ -80,10 +93,11 @@
 Hunk 5: EXACT: @@ -92,24 +106,21 @@
Patching: net/minecraft/world/level/levelgen/NoiseBasedChunkGenerator.java
 Hunk 0: EXACT: @@ -1,3 +1,4 @@
 Hunk 1: EXACT: @@ -5,7 +6,9 @@
 Hunk 2: EXACT: @@ -49,13 +52,14 @@
 Hunk 3: EXACT: @@ -68,14 +72,16 @@
 Hunk 4: EXACT: @@ -88,20 +94,21 @@
 Hunk 5: EXACT: @@ -114,79 +121,88 @@
 Hunk 6: EXACT: @@ -194,53 +210,56 @@
 Hunk 7: EXACT: @@ -249,28 +268,34 @@
 Hunk 8: EXACT: @@ -278,71 +303,77 @@
 Hunk 9: EXACT: @@ -351,10 +382,10 @@
 Hunk 10: EXACT: @@ -364,27 +395,28 @@
Patching: net/minecraft/world/level/levelgen/PatrolSpawner.java
 Hunk 0: EXACT: @@ -18,66 +18,104 @@
 Hunk 1: EXACT: @@ -91,22 +129,24 @@
Patching: net/minecraft/world/level/levelgen/PhantomSpawner.java
 Hunk 0: EXACT: @@ -1,7 +1,9 @@
 Hunk 1: EXACT: @@ -21,8 +23,11 @@
 Hunk 2: EXACT: @@ -30,42 +35,60 @@
Patching: net/minecraft/world/level/levelgen/WorldGenerationContext.java
 Hunk 0: EXACT: @@ -6,10 +6,13 @@
 Hunk 1: EXACT: @@ -19,4 +22,13 @@
Patching: net/minecraft/world/level/levelgen/carver/CarvingContext.java
 Hunk 0: EXACT: @@ -21,8 +21,8 @@
Patching: net/minecraft/world/level/levelgen/feature/SpikeFeature.java
 Hunk 0: EXACT: @@ -99,6 +99,7 @@
Patching: net/minecraft/world/level/levelgen/feature/treedecorators/CocoaDecorator.java
 Hunk 0: EXACT: @@ -25,6 +25,7 @@
Patching: net/minecraft/world/level/levelgen/placement/PlacementContext.java
 Hunk 0: EXACT: @@ -18,7 +18,7 @@
Patching: net/minecraft/world/level/levelgen/structure/LegacyStructureDataHandler.java
 Hunk 0: EXACT: @@ -5,8 +5,8 @@
 Hunk 1: EXACT: @@ -17,28 +17,29 @@
 Hunk 2: EXACT: @@ -47,172 +48,208 @@
Patching: net/minecraft/world/level/levelgen/structure/Structure.java
 Hunk 0: EXACT: @@ -41,6 +41,7 @@
Patching: net/minecraft/world/level/levelgen/structure/StructureCheck.java
 Hunk 0: EXACT: @@ -43,7 +43,7 @@
 Hunk 1: EXACT: @@ -53,7 +53,7 @@
 Hunk 2: EXACT: @@ -115,7 +115,7 @@
Patching: net/minecraft/world/level/levelgen/structure/structures/SwampHutPiece.java
 Hunk 0: EXACT: @@ -24,6 +24,7 @@
 Hunk 1: EXACT: @@ -68,34 +69,37 @@
 Hunk 2: EXACT: @@ -105,14 +109,16 @@
Patching: net/minecraft/world/level/levelgen/structure/templatesystem/StructurePlaceSettings.java
 Hunk 0: EXACT: @@ -12,34 +12,44 @@
 Hunk 1: EXACT: @@ -110,11 +120,7 @@
 Hunk 2: EXACT: @@ -140,10 +146,18 @@
Patching: net/minecraft/world/level/levelgen/structure/templatesystem/StructureTemplate.java
 Hunk 0: EXACT: @@ -22,6 +22,7 @@
 Hunk 1: EXACT: @@ -49,8 +50,12 @@
 Hunk 2: EXACT: @@ -65,8 +70,18 @@
 Hunk 3: EXACT: @@ -82,35 +97,41 @@
 Hunk 4: EXACT: @@ -130,41 +151,47 @@
 Hunk 5: EXACT: @@ -174,30 +201,36 @@
 Hunk 6: EXACT: @@ -205,55 +238,69 @@
 Hunk 7: EXACT: @@ -261,75 +308,94 @@
 Hunk 8: EXACT: @@ -340,61 +406,72 @@
 Hunk 9: EXACT: @@ -405,11 +482,13 @@
 Hunk 10: EXACT: @@ -426,7 +505,8 @@
 Hunk 11: EXACT: @@ -435,78 +515,82 @@
 Hunk 12: EXACT: @@ -514,15 +598,16 @@
 Hunk 13: EXACT: @@ -531,165 +616,230 @@
 Hunk 14: EXACT: @@ -700,21 +850,38 @@
 Hunk 15: EXACT: @@ -725,11 +892,11 @@
 Hunk 16: EXACT: @@ -738,33 +905,4 @@
Patching: net/minecraft/world/level/lighting/BlockLightEngine.java
 Hunk 0: EXACT: @@ -15,6 +15,7 @@
 Hunk 1: EXACT: @@ -44,7 +45,7 @@
Patching: net/minecraft/world/level/lighting/BlockLightSectionStorage.java
 Hunk 0: EXACT: @@ -9,7 +9,7 @@
 Hunk 1: EXACT: @@ -20,13 +20,13 @@
Patching: net/minecraft/world/level/lighting/DataLayerStorageMap.java
 Hunk 0: EXACT: @@ -9,10 +9,23 @@
 Hunk 1: EXACT: @@ -20,16 +33,17 @@
 Hunk 2: EXACT: @@ -38,7 +52,7 @@
 Hunk 3: EXACT: @@ -58,11 +72,13 @@
Patching: net/minecraft/world/level/lighting/LayerLightSectionStorage.java
 Hunk 0: EXACT: @@ -27,7 +27,7 @@
 Hunk 1: EXACT: @@ -42,8 +42,8 @@
 Hunk 2: EXACT: @@ -52,7 +52,15 @@
 Hunk 3: EXACT: @@ -342,9 +350,11 @@
Patching: net/minecraft/world/level/lighting/SkyLightEngine.java
 Hunk 0: EXACT: @@ -14,6 +14,7 @@
 Hunk 1: EXACT: @@ -25,7 +26,7 @@
Patching: net/minecraft/world/level/lighting/SkyLightSectionStorage.java
 Hunk 0: EXACT: @@ -21,7 +21,7 @@
 Hunk 1: EXACT: @@ -32,8 +32,9 @@
 Hunk 2: EXACT: @@ -52,6 +53,7 @@
 Hunk 3: EXACT: @@ -59,13 +61,13 @@
 Hunk 4: EXACT: @@ -102,19 +104,19 @@
 Hunk 5: EXACT: @@ -128,7 +130,7 @@
 Hunk 6: EXACT: @@ -152,7 +154,7 @@
 Hunk 7: EXACT: @@ -275,7 +277,7 @@
 Hunk 8: EXACT: @@ -286,18 +288,21 @@
Patching: net/minecraft/world/level/material/FlowingFluid.java
 Hunk 0: EXACT: @@ -7,7 +7,9 @@
 Hunk 1: EXACT: @@ -27,103 +29,130 @@
 Hunk 2: EXACT: @@ -131,20 +160,34 @@
 Hunk 3: EXACT: @@ -154,92 +197,104 @@
 Hunk 4: EXACT: @@ -247,39 +302,56 @@
 Hunk 5: EXACT: @@ -292,11 +364,7 @@
 Hunk 6: EXACT: @@ -311,11 +379,14 @@
 Hunk 7: EXACT: @@ -326,30 +397,41 @@
 Hunk 8: EXACT: @@ -357,7 +439,7 @@
 Hunk 9: EXACT: @@ -368,15 +450,13 @@
 Hunk 10: EXACT: @@ -395,17 +475,30 @@
 Hunk 11: EXACT: @@ -413,7 +506,7 @@
 Hunk 12: EXACT: @@ -422,12 +515,12 @@
 Hunk 13: EXACT: @@ -435,8 +528,8 @@
Patching: net/minecraft/world/level/material/FluidState.java
 Hunk 0: EXACT: @@ -26,8 +26,12 @@
 Hunk 1: EXACT: @@ -43,7 +47,7 @@
Patching: net/minecraft/world/level/material/LavaFluid.java
 Hunk 0: EXACT: @@ -25,8 +25,11 @@
 Hunk 1: EXACT: @@ -44,18 +47,20 @@
 Hunk 2: EXACT: @@ -65,34 +70,52 @@
 Hunk 3: EXACT: @@ -101,8 +124,13 @@
 Hunk 4: EXACT: @@ -132,7 +160,7 @@
 Hunk 5: EXACT: @@ -158,7 +186,8 @@
 Hunk 6: EXACT: @@ -177,10 +206,15 @@
 Hunk 7: EXACT: @@ -207,15 +241,18 @@
 Hunk 8: EXACT: @@ -225,6 +262,9 @@
Patching: net/minecraft/world/level/material/WaterFluid.java
 Hunk 0: EXACT: @@ -63,6 +63,13 @@
Patching: net/minecraft/world/level/pathfinder/Path.java
 Hunk 0: EXACT: @@ -21,6 +21,7 @@
Patching: net/minecraft/world/level/pathfinder/PathFinder.java
 Hunk 0: EXACT: @@ -38,9 +38,12 @@
 Hunk 1: EXACT: @@ -48,18 +51,19 @@
 Hunk 2: EXACT: @@ -71,14 +75,18 @@
 Hunk 3: EXACT: @@ -93,7 +101,7 @@
 Hunk 4: EXACT: @@ -105,23 +113,31 @@
Patching: net/minecraft/world/level/pathfinder/WalkNodeEvaluator.java
 Hunk 0: EXACT: @@ -477,7 +477,12 @@
 Hunk 1: EXACT: @@ -490,9 +495,10 @@
 Hunk 2: EXACT: @@ -502,7 +508,8 @@
 Hunk 3: EXACT: @@ -519,7 +526,7 @@
Patching: net/minecraft/world/level/portal/PortalForcer.java
 Hunk 0: EXACT: @@ -1,6 +1,7 @@
 Hunk 1: EXACT: @@ -20,6 +21,7 @@
 Hunk 2: EXACT: @@ -40,67 +42,114 @@
 Hunk 3: EXACT: @@ -110,67 +159,90 @@
Patching: net/minecraft/world/level/portal/PortalInfo.java
 Hunk 0: EXACT: @@ -1,17 +1,27 @@
Patching: net/minecraft/world/level/portal/PortalShape.java
 Hunk 0: EXACT: @@ -10,6 +10,7 @@
 Hunk 1: EXACT: @@ -17,14 +18,19 @@
 Hunk 2: EXACT: @@ -34,24 +40,28 @@
 Hunk 3: EXACT: @@ -71,81 +81,96 @@
 Hunk 4: EXACT: @@ -159,11 +184,31 @@
 Hunk 5: EXACT: @@ -171,43 +216,49 @@
Patching: net/minecraft/world/level/redstone/NeighborUpdater.java
 Hunk 0: EXACT: @@ -7,12 +7,19 @@
 Hunk 1: EXACT: @@ -22,35 +29,57 @@
Patching: net/minecraft/world/level/saveddata/maps/MapItemSavedData.java
 Hunk 0: EXACT: @@ -3,16 +3,21 @@
 Hunk 1: EXACT: @@ -29,7 +34,18 @@
 Hunk 2: EXACT: @@ -49,6 +65,14 @@
 Hunk 3: EXACT: @@ -59,15 +83,21 @@
 Hunk 4: EXACT: @@ -75,45 +105,113 @@
 Hunk 5: EXACT: @@ -121,83 +219,100 @@
 Hunk 6: EXACT: @@ -205,8 +320,9 @@
 Hunk 7: EXACT: @@ -214,42 +330,47 @@
 Hunk 8: EXACT: @@ -257,8 +378,9 @@
 Hunk 9: EXACT: @@ -269,28 +391,29 @@
 Hunk 10: EXACT: @@ -305,15 +428,19 @@
 Hunk 11: EXACT: @@ -324,37 +451,40 @@
 Hunk 12: EXACT: @@ -363,15 +493,17 @@
 Hunk 13: EXACT: @@ -388,8 +520,9 @@
 Hunk 14: EXACT: @@ -403,23 +536,30 @@
 Hunk 15: EXACT: @@ -435,6 +575,22 @@
 Hunk 16: EXACT: @@ -445,45 +601,61 @@
 Hunk 17: EXACT: @@ -508,6 +680,7 @@
 Hunk 18: EXACT: @@ -523,8 +696,8 @@
Patching: net/minecraft/world/level/storage/DimensionDataStorage.java
 Hunk 0: EXACT: @@ -120,6 +120,7 @@
Patching: net/minecraft/world/level/storage/LevelStorageSource.java
 Hunk 0: EXACT: @@ -2,6 +2,7 @@
 Hunk 1: EXACT: @@ -14,6 +15,7 @@
 Hunk 2: EXACT: @@ -54,12 +56,13 @@
 Hunk 3: EXACT: @@ -72,9 +75,9 @@
 Hunk 4: EXACT: @@ -86,25 +89,36 @@
 Hunk 5: EXACT: @@ -112,53 +126,59 @@
 Hunk 6: EXACT: @@ -168,84 +188,99 @@
 Hunk 7: EXACT: @@ -253,24 +288,26 @@
 Hunk 8: EXACT: @@ -281,22 +318,37 @@
 Hunk 9: EXACT: @@ -310,7 +362,10 @@
 Hunk 10: EXACT: @@ -327,14 +382,19 @@
 Hunk 11: EXACT: @@ -343,11 +403,15 @@
 Hunk 12: EXACT: @@ -364,39 +428,42 @@
 Hunk 13: EXACT: @@ -408,50 +475,53 @@
 Hunk 14: EXACT: @@ -460,61 +530,64 @@
Patching: net/minecraft/world/level/storage/PlayerDataStorage.java
 Hunk 0: EXACT: @@ -8,11 +8,19 @@
 Hunk 1: EXACT: @@ -24,52 +32,108 @@
Patching: net/minecraft/world/level/storage/PrimaryLevelData.java
 Hunk 0: EXACT: @@ -4,12 +4,15 @@
 Hunk 1: EXACT: @@ -23,8 +26,11 @@
 Hunk 2: EXACT: @@ -38,8 +44,13 @@
 Hunk 3: EXACT: @@ -77,12 +88,25 @@
 Hunk 4: EXACT: @@ -115,17 +139,19 @@
 Hunk 5: EXACT: @@ -135,26 +161,35 @@
 Hunk 6: EXACT: @@ -175,7 +210,7 @@
 Hunk 7: EXACT: @@ -183,8 +218,8 @@
 Hunk 8: EXACT: @@ -197,6 +232,8 @@
 Hunk 9: EXACT: @@ -233,7 +270,7 @@
 Hunk 10: EXACT: @@ -314,6 +351,25 @@
 Hunk 11: EXACT: @@ -334,6 +390,26 @@
 Hunk 12: EXACT: @@ -400,6 +476,12 @@
 Hunk 13: EXACT: @@ -520,4 +602,12 @@
Patching: net/minecraft/world/level/storage/loot/LootTable.java
 Hunk 0: EXACT: @@ -10,9 +10,11 @@
 Hunk 1: EXACT: @@ -30,7 +32,15 @@
 Hunk 2: EXACT: @@ -46,18 +56,27 @@
 Hunk 3: EXACT: @@ -66,27 +85,33 @@
 Hunk 4: EXACT: @@ -94,32 +119,51 @@
 Hunk 5: EXACT: @@ -127,32 +171,34 @@
 Hunk 6: EXACT: @@ -161,16 +207,16 @@
 Hunk 7: EXACT: @@ -178,9 +224,14 @@
 Hunk 8: EXACT: @@ -193,8 +244,8 @@
 Hunk 9: EXACT: @@ -204,46 +255,52 @@
Patching: net/minecraft/world/level/storage/loot/LootTables.java
 Hunk 0: EXACT: @@ -1,60 +1,80 @@
 Hunk 1: EXACT: @@ -62,7 +82,7 @@
Patching: net/minecraft/world/level/storage/loot/entries/LootPoolSingletonContainer.java
 Hunk 0: EXACT: @@ -113,9 +113,35 @@
Patching: net/minecraft/world/level/storage/loot/functions/ExplorationMapFunction.java
 Hunk 0: EXACT: @@ -68,7 +68,16 @@
Patching: net/minecraft/world/level/storage/loot/functions/LootingEnchantFunction.java
 Hunk 0: EXACT: @@ -18,6 +18,7 @@
 Hunk 1: EXACT: @@ -44,14 +45,22 @@
 Hunk 2: EXACT: @@ -66,6 +75,7 @@
 Hunk 3: EXACT: @@ -90,9 +100,11 @@
 Hunk 4: EXACT: @@ -101,9 +113,10 @@
Patching: net/minecraft/world/level/storage/loot/functions/SetContainerContents.java
 Hunk 0: EXACT: @@ -46,7 +46,7 @@
Patching: net/minecraft/world/level/storage/loot/parameters/LootContextParams.java
 Hunk 0: EXACT: @@ -10,16 +10,20 @@
Patching: net/minecraft/world/level/storage/loot/predicates/ExplosionCondition.java
 Hunk 0: EXACT: @@ -11,10 +11,10 @@
 Hunk 1: EXACT: @@ -26,13 +26,15 @@
 Hunk 2: EXACT: @@ -40,17 +42,18 @@
Patching: net/minecraft/world/level/storage/loot/predicates/LootItemRandomChanceWithLootingCondition.java
 Hunk 0: EXACT: @@ -14,6 +14,7 @@
 Hunk 1: EXACT: @@ -32,15 +33,20 @@
 Hunk 2: EXACT: @@ -50,15 +56,17 @@
Patching: net/minecraft/world/phys/AABB.java
 Hunk 0: EXACT: @@ -25,6 +25,17 @@
Patching: net/minecraft/world/phys/shapes/ArrayVoxelShape.java
 Hunk 0: EXACT: @@ -6,6 +6,9 @@
 Hunk 1: EXACT: @@ -16,6 +19,11 @@
 Hunk 2: EXACT: @@ -27,6 +35,12 @@
 Hunk 3: EXACT: @@ -42,4 +56,152 @@
Patching: net/minecraft/world/phys/shapes/IndirectMerger.java
 Hunk 0: EXACT: @@ -10,12 +10,33 @@
Patching: net/minecraft/world/phys/shapes/Shapes.java
 Hunk 0: EXACT: @@ -19,16 +19,17 @@
 Hunk 1: EXACT: @@ -41,29 +42,14 @@
 Hunk 2: EXACT: @@ -125,6 +111,20 @@
 Hunk 3: EXACT: @@ -196,6 +196,43 @@
 Hunk 4: EXACT: @@ -210,7 +247,7 @@
 Hunk 5: EXACT: @@ -235,6 +272,53 @@
 Hunk 6: EXACT: @@ -247,9 +331,21 @@
 Hunk 7: EXACT: @@ -257,13 +353,22 @@
Patching: net/minecraft/world/phys/shapes/VoxelShape.java
 Hunk 0: EXACT: @@ -16,11 +16,17 @@
 Hunk 1: EXACT: @@ -163,7 +169,7 @@
Patching: net/minecraft/world/scores/ScoreboardSaveData.java
 Hunk 0: EXACT: @@ -136,6 +136,7 @@
Patch Summary:
 Un-changed files: 2642
 Changed files:    702
 Missing files:    0

 Failed matches:   0
 Exact matches:    4573
 Access matches:   0
 Offset matches:   0
 Fuzzy matches:    0
Overall Quality   100,00%
